Having_IP_Address,URL_Length,Shortening_Service,Having_At_Symbol,Double_Slash_Redirecting,Prefix_Suffix,Having_Sub_Domain,SSLfinal_State,Domain_registeration_length,Favicon,HTTPS_Token,PctImageTags,PctAudioTags,PctVideoTags,PctTrackTags,PctSourceTags,PctIframeTags,URL_of_Anchor,PctMetaTags,PctScriptTags,PctLinkTags,SFH,Submit_to_Email,Abnormal Url,Port,category
-1,38,1,-1,1,-1,4,0.0,0,1,1,0.0,0.0,0,0,0.0,0.0,0.0,0.0,0.0,0.0,0.0,0,0,0,Fake
1,41,-1,1,1,1,1,,365,-1,1,0.0,0.0,0,0,0.0,0.0,0.0,100.0,0.0,0.0,0.0,0,1,0,Fake
1,42,1,1,1,1,1,,365,-1,1,0.0,0.0,0,0,0.0,0.0,0.0,100.0,0.0,0.0,0.0,0,1,0,Fake
-1,291,1,-1,1,-1,6,,0,-1,1,0.0,0.0,0,0,0.0,0.0,0.0,0.0,0.0,0.0,0.0,0,0,0,Fake
-1,89,1,1,1,1,3,-1.0,1461,-1,1,100.0,0.0,0,0,0.0,100.0,100.0,100.0,100.0,100.0,0.0,-1,1,0,Fake
1,36,1,1,1,1,1,,365,-1,1,0.0,0.0,0,0,0.0,0.0,0.0,0.0,0.0,0.0,0.0,0,1,0,Fake
1,35,1,1,1,1,1,,365,-1,1,0.0,0.0,0,0,0.0,0.0,0.0,0.0,0.0,0.0,0.0,0,1,0,Fake
-1,217,1,-1,1,-1,7,-1.0,1826,-1,1,0.0,0.0,0,0,0.0,0.0,0.0,0.0,0.0,0.0,0.0,0,1,0,Fake
-1,241,1,1,1,1,16,0.0,0,1,1,100.0,0.0,0,0,0.0,0.0,0.0,0.0,0.0,100.0,0.0,0,1,0,Fake
-1,56,-1,1,1,1,3,0.0,0,1,1,100.0,0.0,0,0,0.0,0.0,0.0,0.0,0.0,100.0,0.0,0,1,0,Fake
-1,123,1,1,1,1,7,,2557,-1,1,0.0,0.0,0,0,0.0,0.0,0.0,0.0,0.0,0.0,0.0,0,1,0,Fake
1,68,-1,-1,1,1,2,,365,-1,1,100.0,0.0,0,0,0.0,0.0,100.0,100.0,100.0,100.0,0.0,1,1,0,Fake
-1,56,1,1,1,1,3,-1.0,2557,-1,1,0.0,0.0,0,0,0.0,0.0,0.0,100.0,0.0,0.0,0.0,0,1,0,Fake
-1,35,1,1,1,1,2,0.0,6574,1,1,0.0,0.0,0,0,0.0,0.0,200.0,100.0,0.0,80.0,0.0,1,1,0,Fake
1,54,1,-1,1,1,2,1.0,0,-1,1,0.0,0.0,0,0,0.0,0.0,0.0,0.0,100.0,0.0,0.0,0,1,0,Fake
-1,21,1,1,1,1,1,0.0,5114,-1,1,0.0,0.0,0,0,0.0,0.0,0.0,0.0,100.0,0.0,0.0,0,1,0,Fake
-1,20,-1,1,1,1,1,0.0,5114,-1,1,0.0,0.0,0,0,0.0,0.0,0.0,0.0,100.0,0.0,0.0,0,1,0,Fake
-1,299,-1,1,1,1,3,1.0,8400,1,1,0.0,0.0,0,0,0.0,0.0,66.667,0.0,100.0,100.0,0.0,1,1,0,Fake
1,29,-1,1,1,1,2,0.0,0,-1,1,0.0,0.0,0,0,0.0,0.0,0.0,0.0,100.0,0.0,0.0,0,0,0,Fake
1,33,1,1,1,1,1,0.0,1461,1,1,100.0,0.0,0,0,0.0,0.0,0.0,45.0,91.667,62.5,0.0,1,1,0,Fake
-1,277,1,-1,1,-1,6,,0,-1,1,100.0,0.0,0,0,0.0,0.0,0.0,0.0,100.0,100.0,0.0,0,0,0,Fake
1,48,1,1,1,1,1,0.0,365,1,1,0.0,0.0,0,0,0.0,0.0,100.0,0.0,100.0,100.0,0.0,1,0,0,Fake
1,25,1,1,1,1,1,0.0,731,1,1,0.0,0.0,0,0,0.0,0.0,0.0,0.0,0.0,0.0,0.0,0,1,0,Fake
1,25,1,1,1,1,1,0.0,731,1,1,28.57,0.0,0,0,0.0,0.0,11.905,0.0,60.0,88.889,0.0,1,1,0,Fake
-1,109,1,1,1,1,3,1.0,3653,1,1,100.0,0.0,0,0,0.0,0.0,100.0,0.0,0.0,100.0,0.0,1,1,0,Fake
1,34,0,1,1,1,1,0.0,0,0,1,0.0,0.0,0,0,0.0,0.0,0.0,0.0,0.0,0.0,0.0,0,0,0,Fake
1,32,1,1,1,1,1,1.0,0,1,1,100.0,0.0,0,0,0.0,0.0,80.0,75.0,66.667,97.222,0.0,1,1,0,Fake
-1,28,1,1,1,1,2,0.0,4748,-1,1,0.0,0.0,0,0,0.0,0.0,0.0,0.0,83.333,100.0,0.0,0,1,0,Fake
-1,29,1,1,1,1,2,0.0,4748,-1,1,0.0,0.0,0,0,0.0,0.0,0.0,0.0,83.333,100.0,0.0,0,1,0,Fake
-1,142,-1,1,1,1,2,-1.0,1461,-1,1,0.0,0.0,0,0,0.0,0.0,0.0,0.0,0.0,0.0,0.0,0,1,0,Fake
-1,143,1,1,1,1,7,1.0,9430,-1,1,100.0,0.0,0,0,0.0,0.0,100.0,0.0,100.0,100.0,0.0,1,1,0,Fake
1,37,1,1,1,1,2,-1.0,9497,-1,1,0.0,0.0,0,0,0.0,0.0,26.087,10.0,3.125,18.182,0.0,1,1,0,Fake
1,44,-1,1,1,1,1,,0,-1,1,0.0,0.0,0,0,0.0,0.0,25.0,0.0,0.0,16.667,0.0,1,1,0,Fake
1,61,-1,-1,1,1,2,,365,-1,1,100.0,0.0,0,0,0.0,0.0,100.0,100.0,100.0,100.0,0.0,1,1,0,Fake
-1,264,1,1,1,1,5,,0,-1,1,0.0,0.0,0,0,0.0,0.0,0.0,0.0,0.0,0.0,0.0,0,0,0,Fake
-1,105,1,1,1,1,2,,11322,-1,1,100.0,0.0,0,0,0.0,0.0,0.0,100.0,100.0,100.0,0.0,1,1,0,Fake
1,34,1,1,1,1,1,-1.0,1465,-1,1,0.0,0.0,0,0,0.0,0.0,0.0,100.0,0.0,0.0,0.0,0,1,0,Fake
-1,24,-1,1,1,1,1,1.0,4018,-1,1,100.0,0.0,0,0,0.0,0.0,100.0,0.0,0.0,100.0,0.0,1,1,0,Fake
-1,91,-1,1,1,1,1,0.0,8400,1,1,0.0,0.0,0,0,0.0,0.0,100.0,0.0,0.0,100.0,0.0,1,1,0,Fake
1,53,0,1,1,1,1,0.0,1826,0,1,0.0,0.0,0,0,0.0,0.0,0.0,0.0,0.0,0.0,0.0,0,1,0,Fake
-1,206,1,1,1,1,2,,4383,1,1,100.0,0.0,0,0,0.0,0.0,100.0,0.0,100.0,100.0,0.0,1,1,0,Fake
-1,92,1,1,1,1,1,0.0,8400,1,1,0.0,0.0,0,0,0.0,0.0,100.0,0.0,0.0,100.0,0.0,1,1,0,Fake
1,29,1,1,1,1,1,1.0,0,1,1,100.0,0.0,0,0,0.0,0.0,50.0,75.0,44.444,97.222,0.0,1,1,0,Fake
1,43,1,1,1,1,3,-1.0,730,-1,1,0.0,0.0,0,0,0.0,0.0,100.0,0.0,0.0,100.0,0.0,1,1,0,Fake
-1,59,-1,1,1,1,2,-1.0,1461,-1,1,0.0,0.0,0,0,0.0,0.0,0.0,0.0,0.0,100.0,0.0,-1,1,0,Fake
-1,59,1,1,1,1,2,,0,-1,1,0.0,0.0,0,0,0.0,0.0,0.0,0.0,0.0,0.0,0.0,0,1,0,Fake
-1,142,-1,-1,1,-1,4,-1.0,2556,1,1,100.0,0.0,0,0,0.0,0.0,100.0,0.0,0.0,100.0,0.0,1,1,0,Fake
1,24,1,1,1,1,2,-1.0,365,-1,1,0.0,0.0,0,0,0.0,0.0,0.0,100.0,100.0,0.0,0.0,0,1,0,Fake
1,52,1,-1,-1,1,2,0.0,1461,1,1,0.0,0.0,0,0,0.0,0.0,100.0,0.0,100.0,100.0,0.0,1,1,0,Fake
1,40,1,1,1,1,2,-1.0,3287,-1,1,0.0,0.0,0,0,0.0,0.0,0.0,0.0,0.0,0.0,0.0,1,1,0,Fake
-1,144,-1,1,1,1,1,,365,1,1,100.0,0.0,0,0,0.0,0.0,0.0,0.0,0.0,100.0,0.0,0,1,0,Fake
-1,55,1,1,1,1,2,1.0,2191,-1,1,100.0,0.0,0,0,0.0,0.0,100.0,100.0,100.0,100.0,0.0,1,1,0,Fake
-1,218,1,1,1,1,7,-1.0,5114,1,1,100.0,0.0,0,0,0.0,0.0,0.0,0.0,0.0,100.0,0.0,0,1,0,Fake
-1,145,1,1,1,1,1,,365,1,1,100.0,0.0,0,0,0.0,0.0,0.0,0.0,0.0,100.0,0.0,0,1,0,Fake
1,25,-1,1,1,1,1,0.0,365,-1,1,100.0,0.0,0,0,0.0,0.0,100.0,100.0,100.0,100.0,0.0,1,1,0,Fake
1,58,-1,1,1,1,2,-1.0,731,-1,1,0.0,0.0,0,0,0.0,0.0,0.0,0.0,0.0,100.0,0.0,-1,1,0,Fake
1,19,1,1,1,1,1,0.0,365,-1,1,0.0,0.0,0,0,0.0,0.0,100.0,0.0,0.0,0.0,0.0,1,1,0,Fake
1,18,1,1,1,1,1,0.0,365,-1,1,0.0,0.0,0,0,0.0,0.0,100.0,0.0,0.0,0.0,0.0,1,1,0,Fake
1,37,-1,1,1,1,1,,0,-1,1,0.0,0.0,0,0,0.0,0.0,0.0,0.0,0.0,100.0,0.0,-1,1,0,Fake
1,25,1,1,1,1,1,0.0,365,-1,1,0.0,0.0,0,0,0.0,0.0,100.0,0.0,0.0,100.0,0.0,1,1,0,Fake
1,41,1,1,1,1,1,,365,-1,1,0.0,0.0,0,0,0.0,0.0,0.0,0.0,100.0,100.0,0.0,0,1,0,Fake
1,38,1,1,1,1,1,,0,-1,1,100.0,0.0,0,0,0.0,0.0,100.0,0.0,100.0,100.0,0.0,-1,0,0,Fake
1,37,1,1,1,1,1,,0,-1,1,100.0,0.0,0,0,0.0,0.0,100.0,0.0,100.0,100.0,0.0,-1,0,0,Fake
-1,32,1,1,1,1,1,,0,-1,1,0.0,0.0,0,0,0.0,0.0,0.0,0.0,100.0,100.0,0.0,0,1,0,Fake
-1,38,1,1,1,1,2,1.0,2191,-1,1,100.0,0.0,0,0,0.0,0.0,100.0,0.0,100.0,100.0,0.0,1,1,0,Fake
-1,113,-1,1,1,1,8,1.0,0,1,-1,0.0,0.0,0,0,0.0,0.0,0.0,0.0,0.0,0.0,0.0,0,0,0,Fake
1,42,-1,1,1,1,1,1.0,2192,-1,1,0.0,0.0,0,0,0.0,0.0,0.0,0.0,0.0,0.0,0.0,0,1,0,Fake
1,43,1,1,1,1,1,1.0,2192,-1,1,0.0,0.0,0,0,0.0,0.0,0.0,0.0,0.0,0.0,0.0,0,1,0,Fake
-1,111,1,1,1,1,3,0.0,0,1,1,90.0,0.0,0,0,0.0,100.0,63.333,0.0,100.0,100.0,0.0,1,0,0,Fake
1,28,1,1,1,1,1,0.0,365,-1,1,0.0,0.0,0,0,0.0,0.0,0.0,0.0,0.0,100.0,0.0,0,1,0,Fake
1,24,1,1,1,1,1,-1.0,365,-1,1,0.0,0.0,0,0,0.0,100.0,40.0,85.714,58.333,23.077,0.0,1,1,0,Fake
1,39,1,1,1,1,1,0.0,1096,-1,1,0.0,0.0,0,0,0.0,0.0,100.0,0.0,0.0,100.0,0.0,1,1,0,Fake
1,39,1,1,1,1,1,0.0,1096,-1,1,60.0,0.0,0,0,0.0,0.0,0.0,0.0,100.0,100.0,0.0,1,1,0,Fake
1,39,1,1,1,1,1,0.0,1096,-1,1,60.0,0.0,0,0,0.0,0.0,0.0,0.0,100.0,100.0,0.0,1,1,0,Fake
1,39,1,1,1,1,1,0.0,1096,-1,1,60.0,0.0,0,0,0.0,0.0,0.0,0.0,100.0,100.0,0.0,1,1,0,Fake
1,39,1,1,1,1,1,0.0,1096,-1,1,0.0,0.0,0,0,0.0,0.0,100.0,0.0,0.0,100.0,0.0,1,1,0,Fake
1,39,1,1,1,1,1,0.0,1096,-1,1,60.0,0.0,0,0,0.0,0.0,0.0,0.0,100.0,100.0,0.0,1,1,0,Fake
1,39,1,1,1,1,1,0.0,1096,-1,1,60.0,0.0,0,0,0.0,0.0,0.0,0.0,100.0,100.0,0.0,1,1,0,Fake
1,39,1,1,1,1,1,0.0,1096,-1,1,60.0,0.0,0,0,0.0,0.0,0.0,0.0,100.0,100.0,0.0,1,1,0,Fake
1,39,1,1,1,1,1,0.0,1096,-1,1,60.0,0.0,0,0,0.0,0.0,0.0,0.0,100.0,100.0,0.0,1,1,0,Fake
1,39,1,1,1,1,1,0.0,1096,-1,1,60.0,0.0,0,0,0.0,0.0,0.0,0.0,100.0,100.0,0.0,1,1,0,Fake
1,39,1,1,1,1,1,0.0,1096,-1,1,60.0,0.0,0,0,0.0,0.0,0.0,0.0,100.0,100.0,0.0,1,1,0,Fake
1,39,1,1,1,1,1,0.0,1096,-1,1,60.0,0.0,0,0,0.0,0.0,0.0,0.0,100.0,100.0,0.0,1,1,0,Fake
1,39,1,1,1,1,1,0.0,1096,-1,1,60.0,0.0,0,0,0.0,0.0,0.0,0.0,100.0,100.0,0.0,1,1,0,Fake
1,39,1,1,1,1,1,0.0,1096,-1,1,60.0,0.0,0,0,0.0,0.0,0.0,0.0,100.0,100.0,0.0,1,1,0,Fake
1,39,1,1,1,1,1,0.0,1096,-1,1,60.0,0.0,0,0,0.0,0.0,0.0,0.0,100.0,100.0,0.0,1,1,0,Fake
1,39,1,1,1,1,1,0.0,1096,-1,1,60.0,0.0,0,0,0.0,0.0,0.0,0.0,100.0,100.0,0.0,1,1,0,Fake
1,39,1,1,1,1,1,0.0,1096,-1,1,60.0,0.0,0,0,0.0,0.0,0.0,0.0,100.0,100.0,0.0,1,1,0,Fake
1,39,1,1,1,1,1,0.0,1096,-1,1,60.0,0.0,0,0,0.0,0.0,0.0,0.0,100.0,100.0,0.0,1,1,0,Fake
1,39,1,1,1,1,1,0.0,1096,-1,1,60.0,0.0,0,0,0.0,0.0,0.0,0.0,100.0,100.0,0.0,1,1,0,Fake
1,39,1,1,1,1,1,0.0,1096,-1,1,60.0,0.0,0,0,0.0,0.0,0.0,0.0,100.0,100.0,0.0,1,1,0,Fake
1,39,1,1,1,1,1,0.0,1096,-1,1,60.0,0.0,0,0,0.0,0.0,0.0,0.0,100.0,100.0,0.0,1,1,0,Fake
1,39,1,1,1,1,1,0.0,1096,-1,1,60.0,0.0,0,0,0.0,0.0,0.0,0.0,100.0,100.0,0.0,1,1,0,Fake
1,39,1,1,1,1,1,0.0,1096,-1,1,60.0,0.0,0,0,0.0,0.0,0.0,0.0,100.0,100.0,0.0,1,1,0,Fake
-1,326,-1,1,1,1,3,1.0,8400,-1,1,0.0,0.0,0,0,0.0,0.0,0.0,0.0,0.0,0.0,0.0,0,1,0,Fake
-1,36,1,1,1,1,2,0.0,1461,1,1,0.0,0.0,0,0,0.0,0.0,0.0,0.0,0.0,100.0,0.0,0,1,0,Fake
1,62,1,1,1,1,1,,0,1,1,10.0,0.0,0,0,0.0,0.0,34.615,62.5,100.0,100.0,0.0,1,1,0,Fake
-1,49,-1,1,1,1,3,,4018,-1,1,0.0,0.0,0,0,0.0,0.0,0.0,0.0,100.0,100.0,0.0,1,1,0,Fake
-1,33,1,1,1,1,4,0.0,0,-1,1,0.0,0.0,0,0,0.0,0.0,0.0,0.0,0.0,0.0,0.0,0,0,0,Fake
-1,113,1,1,1,1,2,,11322,-1,1,100.0,0.0,0,0,0.0,0.0,0.0,100.0,100.0,100.0,0.0,1,1,0,Fake
-1,277,1,-1,1,-1,6,,0,-1,1,100.0,0.0,0,0,0.0,0.0,0.0,0.0,100.0,100.0,0.0,0,0,0,Fake
-1,49,1,1,1,1,4,0.0,0,-1,1,0.0,0.0,0,0,0.0,0.0,0.0,0.0,0.0,0.0,0.0,0,0,0,Fake
1,31,1,1,1,1,1,,365,-1,1,100.0,0.0,0,0,0.0,100.0,81.818,100.0,100.0,100.0,0.0,1,1,0,Fake
-1,207,1,1,1,1,2,0.0,6209,1,1,100.0,0.0,0,0,0.0,0.0,100.0,0.0,0.0,100.0,0.0,1,1,0,Fake
1,34,1,1,1,1,1,0.0,365,-1,1,0.0,0.0,0,0,0.0,0.0,0.0,0.0,0.0,100.0,0.0,0,1,0,Fake
-1,57,1,1,1,1,4,1.0,2191,-1,1,100.0,0.0,0,0,0.0,100.0,100.0,0.0,100.0,100.0,0.0,1,1,0,Fake
1,38,0,1,1,1,3,,2922,0,1,0.0,0.0,0,0,0.0,0.0,0.0,0.0,0.0,0.0,0.0,0,1,0,Fake
-1,124,1,1,1,1,2,,11322,-1,1,100.0,0.0,0,0,0.0,0.0,0.0,100.0,100.0,100.0,0.0,1,1,0,Fake
1,78,1,-1,1,1,1,0.0,1096,1,1,0.0,0.0,0,0,0.0,0.0,100.0,0.0,100.0,100.0,0.0,1,1,0,Fake
-1,33,1,1,1,1,4,0.0,0,-1,1,0.0,0.0,0,0,0.0,0.0,0.0,0.0,0.0,0.0,0.0,0,0,0,Fake
1,29,1,1,1,1,1,0.0,365,-1,1,0.0,0.0,0,0,0.0,0.0,0.0,0.0,0.0,100.0,0.0,0,1,0,Fake
1,45,1,1,1,1,1,,5114,-1,1,0.0,0.0,0,0,0.0,0.0,0.0,0.0,0.0,0.0,0.0,0,1,0,Fake
1,41,1,1,1,1,2,,7670,-1,1,0.0,0.0,0,0,0.0,0.0,0.0,0.0,100.0,0.0,0.0,0,1,0,Fake
1,47,1,1,1,1,2,,2922,-1,1,0.0,0.0,0,0,0.0,0.0,0.0,0.0,25.0,33.333,0.0,1,1,0,Fake
-1,95,1,1,1,1,3,-1.0,1461,-1,1,100.0,0.0,0,0,0.0,0.0,89.024,100.0,100.0,100.0,0.0,1,1,0,Fake
-1,41,1,1,1,1,2,1.0,365,1,1,0.0,0.0,0,0,0.0,0.0,100.0,0.0,0.0,100.0,0.0,1,1,0,Fake
-1,34,0,1,1,1,2,1.0,1461,0,1,0.0,0.0,0,0,0.0,0.0,0.0,0.0,0.0,0.0,0.0,0,1,0,Fake
-1,136,-1,1,1,1,2,-1.0,1461,-1,1,98.89,0.0,0,0,0.0,0.0,191.707,100.0,100.0,100.0,0.0,1,1,0,Fake
-1,138,1,1,1,1,2,,1096,-1,1,0.0,0.0,0,0,0.0,0.0,0.0,0.0,0.0,0.0,0.0,0,1,0,Fake
1,27,1,1,1,1,2,,365,-1,1,0.0,0.0,0,0,0.0,0.0,0.0,0.0,0.0,0.0,0.0,0,1,0,Fake
1,24,1,1,1,1,1,,365,-1,1,100.0,0.0,0,0,0.0,0.0,100.0,0.0,0.0,100.0,0.0,1,1,0,Fake
-1,63,0,-1,1,-1,3,,731,0,1,0.0,0.0,0,0,0.0,0.0,0.0,0.0,0.0,0.0,0.0,0,1,0,Fake
1,65,1,1,1,1,1,-1.0,731,-1,1,0.0,0.0,0,0,0.0,0.0,100.0,0.0,100.0,100.0,0.0,1,1,0,Fake
-1,297,1,1,1,1,3,-1.0,1461,-1,1,0.0,0.0,0,0,0.0,0.0,0.0,0.0,0.0,0.0,0.0,0,1,0,Fake
1,25,1,1,1,1,1,,365,-1,1,100.0,0.0,0,0,0.0,0.0,100.0,0.0,0.0,100.0,0.0,1,1,0,Fake
1,24,1,1,1,1,1,,365,-1,1,100.0,0.0,0,0,0.0,0.0,100.0,0.0,0.0,100.0,0.0,1,1,0,Fake
-1,45,1,1,1,1,2,,1096,-1,1,0.0,0.0,0,0,0.0,0.0,66.667,100.0,100.0,100.0,0.0,1,1,0,Fake
1,56,-1,1,1,1,1,-1.0,1096,-1,1,0.0,0.0,0,0,0.0,0.0,50.0,0.0,0.0,0.0,0.0,1,1,0,Fake
-1,22,-1,1,1,1,1,-1.0,731,-1,1,0.0,0.0,0,0,0.0,0.0,77.778,0.0,0.0,0.0,0.0,1,1,0,Fake
1,21,1,1,1,1,2,1.0,365,1,1,0.0,0.0,0,0,0.0,0.0,5.556,100.0,100.0,100.0,0.0,1,1,0,Fake
1,25,1,1,1,1,2,0.0,7305,1,1,80.0,0.0,0,0,0.0,0.0,21.053,0.0,33.333,100.0,0.0,1,1,0,Fake
1,38,1,1,1,1,2,-1.0,3287,1,1,0.0,0.0,0,0,0.0,100.0,14.286,8.0,0.0,15.385,0.0,-1,1,0,Fake
1,22,1,1,1,1,2,1.0,365,1,1,0.0,0.0,0,0,0.0,0.0,5.556,100.0,100.0,100.0,0.0,1,1,0,Fake
-1,52,1,1,1,1,2,-1.0,5113,-1,1,0.0,0.0,0,0,0.0,0.0,100.0,0.0,100.0,100.0,0.0,1,1,0,Fake
1,33,1,1,1,1,1,,365,-1,1,100.0,0.0,0,0,0.0,0.0,100.0,0.0,0.0,100.0,0.0,1,1,0,Fake
-1,99,1,1,1,1,2,,11322,-1,1,100.0,0.0,0,0,0.0,0.0,300.0,100.0,100.0,100.0,0.0,1,1,0,Fake
-1,151,-1,1,1,1,3,1.0,8400,1,1,0.0,0.0,0,0,0.0,0.0,140.0,0.0,0.0,100.0,0.0,1,1,0,Fake
-1,113,-1,1,1,1,2,,11322,-1,1,100.0,0.0,0,0,0.0,0.0,400.0,0.0,100.0,100.0,0.0,1,1,0,Fake
-1,38,1,1,1,1,2,1.0,2191,-1,1,100.0,0.0,0,0,0.0,0.0,100.0,0.0,100.0,100.0,0.0,1,1,0,Fake
1,47,1,1,1,1,2,,0,-1,1,100.0,0.0,0,0,0.0,0.0,100.0,100.0,100.0,100.0,0.0,1,0,0,Fake
-1,467,1,1,1,1,2,-1.0,365,1,1,0.0,0.0,0,0,0.0,0.0,100.0,0.0,0.0,100.0,0.0,1,1,0,Fake
-1,57,-1,1,1,1,1,0.0,365,-1,1,100.0,0.0,0,0,0.0,0.0,98.776,100.0,100.0,100.0,0.0,1,1,0,Fake
1,40,1,1,1,1,2,1.0,2922,-1,1,0.0,0.0,0,0,0.0,0.0,0.0,0.0,100.0,100.0,0.0,0,1,0,Fake
-1,39,1,1,1,1,2,1.0,2191,-1,1,100.0,0.0,0,0,0.0,0.0,100.0,0.0,100.0,100.0,0.0,1,1,0,Fake
1,37,-1,1,1,1,2,-1.0,0,-1,1,100.0,0.0,0,0,0.0,0.0,3033.333,100.0,100.0,100.0,0.0,1,-1,0,Fake
-1,21,-1,1,1,1,1,1.0,4018,-1,1,0.0,0.0,0,0,0.0,0.0,0.0,100.0,0.0,0.0,0.0,0,1,0,Fake
-1,162,1,1,1,1,5,0.0,0,-1,1,0.0,0.0,0,0,0.0,0.0,0.0,0.0,0.0,0.0,0.0,0,0,0,Fake
-1,167,1,1,1,1,5,0.0,0,-1,1,0.0,0.0,0,0,0.0,0.0,0.0,0.0,0.0,0.0,0.0,0,0,0,Fake
-1,57,1,1,1,1,1,0.0,365,1,1,0.0,0.0,0,0,0.0,0.0,100.0,0.0,100.0,100.0,0.0,1,1,0,Fake
1,33,1,1,1,1,1,1.0,0,-1,1,0.0,0.0,0,0,0.0,0.0,0.0,100.0,0.0,0.0,0.0,0,1,0,Fake
1,96,1,-1,1,1,1,-1.0,1826,-1,1,100.0,0.0,0,0,0.0,100.0,0.0,0.0,100.0,0.0,0.0,0,1,0,Fake
1,51,-1,1,1,1,1,-1.0,1826,-1,1,100.0,0.0,0,0,0.0,0.0,100.0,0.0,100.0,100.0,0.0,1,1,0,Fake
1,52,1,1,1,1,1,-1.0,1826,-1,1,100.0,0.0,0,0,0.0,0.0,100.0,0.0,100.0,100.0,0.0,1,1,0,Fake
1,36,-1,1,1,1,2,-1.0,0,-1,1,100.0,0.0,0,0,0.0,0.0,3033.333,100.0,100.0,100.0,0.0,1,-1,0,Fake
-1,92,-1,1,1,1,3,,365,-1,1,60.0,0.0,0,0,0.0,0.0,98.556,100.0,100.0,100.0,0.0,1,1,0,Fake
-1,81,1,1,1,1,2,,4383,-1,1,0.0,0.0,0,0,0.0,0.0,0.0,0.0,0.0,0.0,0.0,0,1,0,Fake
1,59,1,1,1,1,1,,2192,-1,1,0.0,0.0,0,0,0.0,0.0,0.0,0.0,0.0,0.0,0.0,0,1,0,Fake
-1,54,1,1,1,1,1,,2192,-1,1,0.0,0.0,0,0,0.0,0.0,0.0,0.0,0.0,0.0,0.0,0,1,0,Fake
1,58,1,1,1,1,1,,2192,-1,1,0.0,0.0,0,0,0.0,0.0,0.0,0.0,0.0,0.0,0.0,0,1,0,Fake
-1,175,-1,-1,1,-1,6,,0,-1,1,0.0,0.0,0,0,0.0,0.0,0.0,0.0,0.0,0.0,0.0,0,0,0,Fake
-1,125,1,1,1,1,1,,365,-1,1,0.0,0.0,0,0,0.0,0.0,0.0,0.0,0.0,0.0,0.0,0,1,0,Fake
-1,207,1,1,1,1,6,,2192,1,1,100.0,0.0,0,0,0.0,0.0,100.0,0.0,0.0,100.0,0.0,1,1,0,Fake
-1,23,1,1,1,1,1,,0,-1,1,0.0,0.0,0,0,0.0,0.0,0.0,0.0,100.0,100.0,0.0,0,0,0,Fake
-1,52,1,1,1,1,3,,0,-1,1,100.0,0.0,0,0,0.0,100.0,87.5,100.0,100.0,88.889,0.0,1,0,0,Fake
1,38,1,1,1,1,2,,1096,-1,1,0.0,0.0,0,0,0.0,0.0,55.556,100.0,100.0,100.0,0.0,1,1,0,Fake
1,65,-1,1,1,1,2,-1.0,0,1,1,100.0,0.0,0,0,0.0,0.0,100.0,100.0,0.0,100.0,0.0,1,0,0,Fake
-1,52,-1,1,1,1,1,1.0,0,-1,1,0.0,0.0,0,0,0.0,0.0,0.0,0.0,100.0,100.0,0.0,1,1,0,Fake
-1,42,-1,1,1,1,1,-1.0,8400,-1,1,0.0,0.0,0,0,0.0,0.0,0.0,0.0,0.0,0.0,0.0,0,1,0,Fake
-1,170,1,-1,1,-1,7,,0,1,1,100.0,0.0,0,0,0.0,0.0,0.0,0.0,100.0,100.0,0.0,0,0,0,Fake
1,20,1,1,1,1,2,1.0,0,-1,1,0.0,0.0,0,0,0.0,0.0,100.0,100.0,0.0,100.0,0.0,1,1,0,Fake
-1,20,1,1,1,1,1,0.0,4018,-1,1,0.0,0.0,0,0,0.0,100.0,0.0,100.0,100.0,100.0,0.0,0,1,0,Fake
-1,115,1,-1,-1,-1,6,,6575,1,1,0.0,0.0,0,0,0.0,0.0,0.0,0.0,0.0,100.0,0.0,0,1,0,Fake
-1,26,1,1,1,1,2,-1.0,0,-1,1,0.0,0.0,0,0,0.0,0.0,0.0,0.0,100.0,100.0,0.0,0,0,0,Fake
1,37,1,1,1,1,2,,0,-1,1,0.0,0.0,0,0,0.0,0.0,100.0,0.0,0.0,100.0,0.0,1,0,0,Fake
1,43,1,-1,1,1,2,-1.0,1096,-1,1,0.0,0.0,0,0,0.0,0.0,0.0,0.0,0.0,0.0,0.0,0,1,0,Fake
1,24,1,1,1,1,2,-1.0,1096,-1,1,0.0,0.0,0,0,0.0,0.0,0.0,0.0,0.0,0.0,0.0,0,1,0,Fake
-1,55,-1,-1,1,-1,2,1.0,1096,1,1,0.0,0.0,0,0,0.0,0.0,0.0,100.0,100.0,100.0,0.0,0,1,0,Fake
-1,91,-1,-1,1,-1,5,,11322,-1,1,100.0,0.0,0,0,0.0,0.0,0.0,0.0,0.0,0.0,0.0,-1,1,0,Fake
-1,18,1,1,1,1,1,,2922,-1,1,100.0,0.0,0,0,0.0,0.0,1100.0,100.0,0.0,100.0,0.0,1,1,0,Fake
1,38,1,1,1,1,2,-1.0,1826,-1,1,0.0,0.0,0,0,0.0,0.0,0.0,0.0,0.0,0.0,0.0,0,1,0,Fake
-1,92,1,1,1,1,3,-1.0,1461,-1,1,50.0,0.0,0,0,0.0,0.0,96.154,100.0,100.0,100.0,0.0,1,1,0,Fake
-1,33,-1,1,1,1,1,-1.0,731,-1,1,0.0,0.0,0,0,0.0,0.0,77.778,0.0,0.0,0.0,0.0,1,1,0,Fake
-1,206,1,1,1,1,2,,0,1,1,100.0,0.0,0,0,0.0,0.0,100.0,0.0,100.0,100.0,0.0,1,0,0,Fake
1,40,-1,1,1,1,1,,4383,1,1,100.0,0.0,0,0,0.0,0.0,100.0,0.0,100.0,100.0,0.0,1,1,0,Fake
-1,198,1,1,1,1,2,,4383,1,1,100.0,0.0,0,0,0.0,0.0,100.0,0.0,100.0,100.0,0.0,1,1,0,Fake
1,46,1,1,1,1,1,-1.0,731,-1,1,0.0,0.0,0,0,0.0,0.0,0.0,0.0,0.0,0.0,0.0,0,1,0,Fake
1,75,1,1,-1,1,1,-1.0,731,-1,1,0.0,0.0,0,0,0.0,0.0,0.0,0.0,0.0,0.0,0.0,0,1,0,Fake
1,43,1,1,1,1,1,0.0,365,-1,1,0.0,0.0,0,0,0.0,0.0,0.0,0.0,0.0,0.0,0.0,0,1,0,Fake
1,82,-1,-1,-1,1,1,1.0,3287,-1,1,0.0,0.0,0,0,0.0,0.0,77.778,0.0,0.0,0.0,0.0,1,1,0,Fake
-1,58,1,1,1,1,3,-1.0,1461,-1,1,0.0,0.0,0,0,0.0,0.0,0.0,100.0,100.0,0.0,0.0,0,1,0,Fake
-1,85,1,1,1,1,4,,0,-1,1,100.0,0.0,0,0,0.0,0.0,0.0,0.0,100.0,0.0,0.0,0,0,0,Fake
1,55,-1,-1,1,1,1,1.0,4018,1,1,0.0,0.0,0,0,0.0,0.0,100.0,0.0,0.0,0.0,0.0,1,1,0,Fake
-1,860,1,-1,1,-1,4,0.0,365,-1,1,100.0,0.0,0,0,0.0,0.0,100.0,0.0,100.0,100.0,0.0,1,1,0,Fake
-1,125,1,1,1,1,1,,365,-1,1,0.0,0.0,0,0,0.0,0.0,0.0,0.0,0.0,0.0,0.0,0,1,0,Fake
1,32,-1,1,1,1,1,1.0,0,-1,1,0.0,0.0,0,0,0.0,0.0,0.0,0.0,100.0,100.0,0.0,1,1,0,Fake
-1,111,-1,1,1,1,2,,11322,-1,1,100.0,0.0,0,0,0.0,0.0,400.0,0.0,100.0,100.0,0.0,1,1,0,Fake
-1,99,-1,1,1,1,2,,11322,-1,1,100.0,0.0,0,0,0.0,0.0,400.0,0.0,100.0,100.0,0.0,1,1,0,Fake
-1,60,1,1,1,1,2,-1.0,2556,1,1,100.0,0.0,0,0,0.0,0.0,100.0,0.0,0.0,100.0,0.0,1,1,0,Fake
-1,286,1,1,1,1,2,-1.0,1096,1,1,100.0,0.0,0,0,0.0,0.0,112.766,0.0,100.0,100.0,0.0,1,1,0,Fake
-1,67,1,1,1,1,1,-1.0,1096,1,1,100.0,0.0,0,0,0.0,0.0,112.766,0.0,100.0,100.0,0.0,1,1,0,Fake
1,20,1,1,1,1,1,0.0,4018,1,1,0.0,0.0,0,0,0.0,0.0,0.0,0.0,66.667,0.0,0.0,0,1,0,Fake
-1,66,1,1,1,1,1,-1.0,1096,1,1,100.0,0.0,0,0,0.0,0.0,112.766,0.0,100.0,100.0,0.0,1,1,0,Fake
-1,286,1,1,1,1,2,-1.0,1096,1,1,100.0,0.0,0,0,0.0,0.0,112.766,0.0,100.0,100.0,0.0,1,1,0,Fake
-1,139,1,1,1,1,7,,5113,1,1,0.0,0.0,0,0,0.0,0.0,16.667,0.0,100.0,100.0,0.0,1,1,0,Fake
-1,61,-1,1,1,1,1,,4748,-1,1,51.22,0.0,0,0,0.0,100.0,1000.0,100.0,100.0,100.0,0.0,1,1,0,Fake
-1,62,-1,1,1,1,1,,4748,-1,1,51.22,0.0,0,0,0.0,100.0,1000.0,100.0,100.0,100.0,0.0,1,1,0,Fake
1,58,-1,1,1,1,2,,4748,1,1,10.57,0.0,0,0,0.0,100.0,8.854,10.714,17.857,39.286,0.0,1,1,0,Fake
-1,61,-1,1,1,1,1,,4748,-1,1,51.22,0.0,0,0,0.0,100.0,1000.0,100.0,100.0,100.0,0.0,1,1,0,Fake
1,55,-1,1,1,1,1,,4748,1,1,10.57,0.0,0,0,0.0,100.0,8.854,10.714,17.857,39.286,0.0,1,1,0,Fake
-1,61,1,1,1,1,1,1.0,1461,-1,1,0.0,0.0,0,0,0.0,0.0,0.0,100.0,100.0,100.0,0.0,0,1,0,Fake
-1,62,-1,1,1,1,1,,4748,-1,1,51.22,0.0,0,0,0.0,100.0,1000.0,100.0,100.0,100.0,0.0,1,1,0,Fake
1,31,-1,1,1,1,1,-1.0,731,-1,1,100.0,0.0,0,0,0.0,0.0,88.889,0.0,0.0,100.0,0.0,1,1,0,Fake
1,32,1,1,1,1,1,-1.0,731,-1,1,100.0,0.0,0,0,0.0,0.0,88.889,0.0,0.0,100.0,0.0,1,1,0,Fake
-1,303,0,-1,1,-1,4,,731,0,1,0.0,0.0,0,0,0.0,0.0,0.0,0.0,0.0,0.0,0.0,0,1,0,Fake
-1,269,1,1,1,1,2,,1826,-1,1,0.0,0.0,0,0,0.0,0.0,95.652,100.0,100.0,100.0,0.0,1,1,0,Fake
-1,220,1,1,-1,1,5,,0,-1,1,0.0,0.0,0,0,0.0,0.0,100.0,0.0,0.0,0.0,0.0,1,0,0,Fake
1,48,1,1,1,1,1,-1.0,365,-1,1,0.0,0.0,0,0,0.0,0.0,0.0,0.0,0.0,0.0,0.0,0,1,0,Fake
-1,147,-1,1,1,1,3,1.0,8400,1,1,0.0,0.0,0,0,0.0,0.0,140.0,0.0,0.0,100.0,0.0,1,1,0,Fake
1,47,1,1,1,1,3,-1.0,0,-1,1,0.0,0.0,0,0,0.0,0.0,100.0,0.0,0.0,0.0,0.0,1,0,0,Fake
1,39,1,1,1,1,2,,1096,-1,1,0.0,0.0,0,0,0.0,0.0,66.667,100.0,100.0,100.0,0.0,1,1,0,Fake
-1,110,1,1,1,1,3,1.0,3653,1,1,100.0,0.0,0,0,0.0,0.0,100.0,0.0,0.0,100.0,50.0,1,1,0,Fake
1,37,1,1,1,1,1,0.0,365,-1,1,100.0,0.0,0,0,0.0,50.0,0.0,100.0,100.0,100.0,0.0,0,1,0,Fake
1,36,1,1,1,1,3,-1.0,0,1,1,0.0,0.0,0,0,0.0,0.0,54.545,0.0,0.0,0.0,0.0,1,1,0,Fake
-1,78,1,1,1,1,1,,365,-1,1,0.0,0.0,0,0,0.0,0.0,0.0,0.0,0.0,0.0,0.0,0,1,0,Fake
-1,130,1,1,1,1,2,,365,-1,1,0.0,0.0,0,0,0.0,0.0,0.0,0.0,0.0,0.0,0.0,0,1,0,Fake
-1,54,1,1,1,1,4,-1.0,1826,-1,1,100.0,0.0,0,0,0.0,100.0,100.0,0.0,100.0,100.0,0.0,1,1,0,Fake
1,19,1,1,1,1,1,-1.0,3653,-1,1,0.0,0.0,0,0,0.0,0.0,0.0,0.0,100.0,0.0,0.0,1,1,0,Fake
-1,237,-1,1,1,1,4,1.0,10228,-1,-1,0.0,0.0,0,0,0.0,0.0,0.0,0.0,0.0,0.0,0.0,0,1,0,Fake
-1,114,1,1,1,1,4,1.0,3653,1,1,100.0,0.0,0,0,0.0,0.0,100.0,0.0,0.0,100.0,50.0,1,1,0,Fake
-1,50,1,1,1,1,4,,0,-1,1,0.0,0.0,0,0,0.0,100.0,0.0,0.0,100.0,0.0,0.0,0,0,0,Fake
1,42,1,1,1,1,4,-1.0,1826,-1,1,100.0,0.0,0,0,0.0,100.0,100.0,0.0,100.0,100.0,0.0,1,1,0,Fake
1,41,1,1,1,1,2,0.0,0,-1,1,0.0,0.0,0,0,0.0,0.0,0.0,0.0,0.0,0.0,0.0,0,0,0,Fake
-1,465,-1,1,1,1,3,1.0,8400,-1,1,0.0,0.0,0,0,0.0,0.0,0.0,0.0,0.0,0.0,0.0,0,1,0,Fake
-1,464,-1,1,1,1,3,1.0,8400,-1,1,0.0,0.0,0,0,0.0,0.0,0.0,0.0,0.0,0.0,0.0,0,1,0,Fake
-1,135,1,1,1,1,2,1.0,8400,-1,1,0.0,0.0,0,0,0.0,0.0,0.0,0.0,0.0,0.0,0.0,0,1,0,Fake
1,48,1,1,1,1,1,1.0,6209,-1,1,0.0,0.0,0,0,0.0,0.0,0.0,0.0,0.0,0.0,0.0,0,1,0,Fake
-1,513,1,1,-1,1,23,-1.0,7305,-1,1,100.0,0.0,0,0,0.0,0.0,100.0,0.0,0.0,100.0,0.0,1,1,0,Fake
-1,109,1,1,1,1,4,-1.0,8035,1,1,100.0,0.0,0,0,100.0,100.0,96.429,100.0,100.0,100.0,0.0,1,1,0,Fake
-1,139,1,1,1,1,2,,11322,-1,1,100.0,0.0,0,0,0.0,0.0,0.0,0.0,100.0,100.0,0.0,1,1,0,Fake
-1,59,-1,1,1,1,2,-1.0,2556,-1,1,100.0,0.0,0,0,0.0,0.0,100.0,0.0,100.0,100.0,0.0,1,1,0,Fake
-1,60,1,1,1,1,2,-1.0,0,-1,1,100.0,0.0,0,0,0.0,0.0,100.0,0.0,100.0,100.0,0.0,1,1,0,Fake
-1,96,1,1,1,1,4,,3652,-1,1,0.0,0.0,0,0,0.0,0.0,0.0,0.0,0.0,0.0,0.0,0,1,0,Fake
1,51,1,1,1,1,3,-1.0,0,-1,1,0.0,0.0,0,0,0.0,0.0,0.0,0.0,100.0,0.0,0.0,0,0,0,Fake
1,31,1,1,1,1,2,-1.0,2557,-1,1,0.0,0.0,0,0,0.0,0.0,0.0,0.0,0.0,0.0,0.0,0,1,0,Fake
-1,82,-1,1,1,1,2,0.0,730,-1,1,0.0,0.0,0,0,0.0,0.0,0.0,0.0,0.0,100.0,0.0,0,1,0,Fake
-1,101,1,1,1,1,2,,11322,-1,1,100.0,0.0,0,0,0.0,0.0,400.0,0.0,100.0,100.0,0.0,1,1,0,Fake
-1,34,1,1,1,1,2,,0,1,1,0.0,0.0,0,0,0.0,0.0,0.0,50.0,44.444,55.556,0.0,0,0,0,Fake
-1,108,-1,1,1,1,2,1.0,10593,-1,1,0.0,0.0,0,0,0.0,0.0,0.0,100.0,100.0,100.0,0.0,0,1,0,Fake
-1,282,1,1,1,1,4,1.0,10593,-1,-1,0.0,0.0,0,0,0.0,0.0,0.0,100.0,100.0,100.0,0.0,0,1,0,Fake
-1,206,1,-1,1,-1,6,,0,-1,1,0.0,0.0,0,0,0.0,100.0,0.0,0.0,100.0,0.0,0.0,0,0,0,Fake
-1,172,1,-1,1,-1,7,,0,1,1,100.0,0.0,0,0,0.0,0.0,0.0,0.0,100.0,100.0,0.0,0,0,0,Fake
-1,47,1,1,1,1,1,,0,-1,1,0.0,0.0,0,0,0.0,0.0,0.0,0.0,0.0,0.0,0.0,0,0,0,Fake
1,65,-1,1,1,1,2,,365,-1,1,100.0,0.0,0,0,0.0,0.0,100.0,0.0,0.0,100.0,0.0,1,0,0,Fake
1,66,1,1,1,1,2,,365,-1,1,100.0,0.0,0,0,0.0,0.0,100.0,0.0,0.0,100.0,0.0,1,1,0,Fake
-1,145,1,-1,1,-1,3,,1461,1,1,0.0,0.0,0,0,0.0,0.0,0.0,0.0,0.0,100.0,0.0,0,1,0,Fake
-1,175,-1,1,1,1,2,1.0,0,-1,1,100.0,0.0,0,0,0.0,100.0,88.889,0.0,0.0,100.0,0.0,1,1,0,Fake
-1,280,-1,1,1,1,3,1.0,8400,1,1,0.0,0.0,0,0,0.0,0.0,66.667,0.0,100.0,100.0,0.0,1,1,0,Fake
-1,175,-1,1,1,1,2,1.0,0,-1,1,100.0,0.0,0,0,0.0,100.0,88.889,0.0,0.0,100.0,0.0,1,1,0,Fake
-1,175,-1,1,1,1,2,1.0,0,-1,1,100.0,0.0,0,0,0.0,100.0,88.889,0.0,0.0,100.0,0.0,1,1,0,Fake
-1,175,-1,1,1,1,2,1.0,0,-1,1,100.0,0.0,0,0,0.0,100.0,88.889,0.0,0.0,100.0,0.0,1,1,0,Fake
1,28,1,1,1,1,1,,0,-1,1,0.0,0.0,0,0,0.0,0.0,0.0,100.0,0.0,0.0,0.0,0,1,0,Fake
1,27,-1,1,1,1,1,,0,-1,1,0.0,0.0,0,0,0.0,0.0,0.0,100.0,0.0,0.0,0.0,0,1,0,Fake
1,22,-1,1,1,1,1,,1460,1,1,26.32,0.0,0,0,100.0,0.0,42.105,100.0,100.0,100.0,0.0,1,1,0,Fake
-1,43,1,1,1,1,3,-1.0,1826,1,1,100.0,0.0,0,0,0.0,0.0,0.0,50.0,100.0,100.0,0.0,0,1,0,Fake
-1,93,1,1,1,1,1,-1.0,365,-1,1,0.0,0.0,0,0,0.0,0.0,0.0,0.0,100.0,0.0,0.0,0,1,0,Fake
1,58,1,1,1,1,3,-1.0,5120,-1,1,0.0,0.0,0,0,0.0,0.0,0.0,0.0,0.0,0.0,0.0,0,1,0,Fake
-1,33,1,1,1,1,2,0.0,4383,-1,1,0.0,0.0,0,0,0.0,0.0,100.0,0.0,100.0,50.0,0.0,1,1,0,Fake
-1,24,-1,1,1,1,1,0.0,4018,1,1,0.0,0.0,0,0,0.0,100.0,18.182,100.0,100.0,100.0,0.0,1,1,0,Fake
1,40,1,1,1,1,1,,5114,-1,1,0.0,0.0,0,0,0.0,0.0,0.0,0.0,0.0,0.0,0.0,0,1,0,Fake
1,41,1,1,1,1,1,,5114,-1,1,0.0,0.0,0,0,0.0,0.0,0.0,0.0,0.0,0.0,0.0,0,1,0,Fake
-1,99,1,1,1,1,4,-1.0,1461,-1,1,100.0,0.0,0,0,0.0,0.0,100.0,100.0,100.0,100.0,0.0,1,1,0,Fake
-1,41,1,1,1,1,2,-1.0,2192,-1,1,100.0,0.0,0,0,0.0,0.0,0.0,0.0,0.0,100.0,0.0,0,1,0,Fake
1,18,1,1,1,1,1,,2922,-1,1,0.0,0.0,0,0,0.0,0.0,0.0,0.0,0.0,0.0,0.0,1,1,0,Fake
1,45,1,1,1,1,1,,365,-1,1,0.0,0.0,0,0,0.0,0.0,0.0,0.0,0.0,0.0,0.0,0,1,0,Fake
-1,175,-1,1,1,1,2,1.0,0,-1,1,100.0,0.0,0,0,0.0,100.0,88.889,0.0,0.0,100.0,0.0,1,1,0,Fake
-1,175,-1,1,1,1,2,1.0,0,-1,1,100.0,0.0,0,0,0.0,100.0,88.889,0.0,0.0,100.0,0.0,1,1,0,Fake
-1,175,-1,1,1,1,2,1.0,0,-1,1,100.0,0.0,0,0,0.0,100.0,88.889,0.0,0.0,100.0,0.0,1,1,0,Fake
1,27,-1,1,1,1,2,1.0,4748,1,1,4.17,0.0,0,0,0.0,0.0,11.111,20.183,15.217,25.0,0.0,1,1,0,Fake
1,26,-1,1,1,1,2,1.0,4748,1,1,4.17,0.0,0,0,0.0,0.0,11.111,20.183,15.217,25.0,0.0,1,1,0,Fake
-1,175,-1,1,1,1,2,1.0,0,-1,1,100.0,0.0,0,0,0.0,100.0,88.889,0.0,0.0,100.0,0.0,1,1,0,Fake
-1,175,-1,1,1,1,2,1.0,0,-1,1,100.0,0.0,0,0,0.0,100.0,88.889,0.0,0.0,100.0,0.0,1,1,0,Fake
-1,175,-1,1,1,1,2,1.0,0,-1,1,100.0,0.0,0,0,0.0,100.0,88.889,0.0,0.0,100.0,0.0,1,1,0,Fake
-1,175,-1,1,1,1,2,1.0,0,-1,1,100.0,0.0,0,0,0.0,100.0,88.889,0.0,0.0,100.0,0.0,1,1,0,Fake
-1,175,-1,1,1,1,2,1.0,0,-1,1,100.0,0.0,0,0,0.0,100.0,88.889,0.0,0.0,100.0,0.0,1,1,0,Fake
-1,175,-1,1,1,1,2,1.0,0,-1,1,100.0,0.0,0,0,0.0,100.0,88.889,0.0,0.0,100.0,0.0,1,1,0,Fake
-1,175,-1,1,1,1,2,1.0,0,-1,1,100.0,0.0,0,0,0.0,100.0,88.889,0.0,0.0,100.0,0.0,1,1,0,Fake
-1,175,-1,1,1,1,2,1.0,0,-1,1,100.0,0.0,0,0,0.0,100.0,88.889,0.0,0.0,100.0,0.0,1,1,0,Fake
-1,175,-1,1,1,1,2,1.0,0,-1,1,100.0,0.0,0,0,0.0,100.0,88.889,0.0,0.0,100.0,0.0,1,1,0,Fake
-1,175,-1,1,1,1,2,1.0,0,-1,1,100.0,0.0,0,0,0.0,100.0,88.889,0.0,0.0,100.0,0.0,1,1,0,Fake
-1,175,-1,1,1,1,2,1.0,0,-1,1,100.0,0.0,0,0,0.0,100.0,88.889,0.0,0.0,100.0,0.0,1,1,0,Fake
-1,175,-1,1,1,1,2,1.0,0,-1,1,100.0,0.0,0,0,0.0,100.0,88.889,0.0,0.0,100.0,0.0,1,1,0,Fake
-1,175,-1,1,1,1,2,1.0,0,-1,1,100.0,0.0,0,0,0.0,100.0,88.889,0.0,0.0,100.0,0.0,1,1,0,Fake
-1,175,-1,1,1,1,2,1.0,0,-1,1,100.0,0.0,0,0,0.0,100.0,88.889,0.0,0.0,100.0,0.0,1,1,0,Fake
-1,175,-1,1,1,1,2,1.0,0,-1,1,100.0,0.0,0,0,0.0,100.0,88.889,0.0,0.0,100.0,0.0,1,1,0,Fake
-1,175,-1,1,1,1,2,1.0,0,-1,1,100.0,0.0,0,0,0.0,100.0,88.889,0.0,0.0,100.0,0.0,1,1,0,Fake
-1,175,-1,1,1,1,2,1.0,0,-1,1,100.0,0.0,0,0,0.0,100.0,88.889,0.0,0.0,100.0,0.0,1,1,0,Fake
-1,175,-1,1,1,1,2,1.0,0,-1,1,100.0,0.0,0,0,0.0,100.0,88.889,0.0,0.0,100.0,0.0,1,1,0,Fake
1,34,1,1,1,1,1,0.0,0,-1,1,100.0,0.0,0,0,0.0,100.0,88.889,0.0,0.0,100.0,0.0,1,1,0,Fake
-1,175,-1,1,1,1,2,1.0,0,-1,1,100.0,0.0,0,0,0.0,100.0,88.889,0.0,0.0,100.0,0.0,1,1,0,Fake
-1,184,1,1,1,1,5,,8765,1,1,0.0,0.0,0,0,0.0,66.67,100.0,0.0,100.0,100.0,0.0,1,1,0,Fake
-1,110,1,1,1,1,3,1.0,3653,1,1,100.0,0.0,0,0,0.0,0.0,100.0,0.0,0.0,100.0,50.0,1,1,0,Fake
1,19,1,1,1,1,1,-1.0,365,-1,1,0.0,0.0,0,0,0.0,0.0,0.0,100.0,0.0,0.0,0.0,0,1,0,Fake
-1,43,1,1,1,1,2,0.0,730,-1,1,0.0,0.0,0,0,0.0,0.0,0.0,100.0,0.0,0.0,0.0,0,1,0,Fake
-1,41,-1,1,1,1,2,0.0,730,-1,1,0.0,0.0,0,0,0.0,0.0,0.0,100.0,0.0,0.0,0.0,0,1,0,Fake
1,37,1,1,1,1,2,-1.0,3287,-1,1,75.0,0.0,0,0,0.0,0.0,76.923,50.0,85.714,93.333,0.0,1,1,0,Fake
-1,36,1,1,1,1,1,,731,-1,1,100.0,0.0,0,0,0.0,0.0,100.0,0.0,100.0,100.0,0.0,1,1,0,Fake
-1,184,1,1,1,1,5,,8765,1,1,0.0,0.0,0,0,0.0,66.67,100.0,0.0,100.0,100.0,0.0,1,1,0,Fake
1,47,-1,1,1,1,1,-1.0,731,1,1,100.0,0.0,0,0,0.0,0.0,100.0,0.0,100.0,100.0,0.0,1,1,0,Fake
1,38,-1,1,1,1,3,,0,-1,1,0.0,0.0,0,0,0.0,0.0,0.0,0.0,0.0,33.333,0.0,1,0,0,Fake
1,37,-1,1,1,1,3,,0,-1,1,0.0,0.0,0,0,0.0,0.0,0.0,0.0,0.0,33.333,0.0,1,0,0,Fake
1,72,1,-1,1,1,2,,7305,-1,1,0.0,0.0,0,0,0.0,0.0,0.0,0.0,100.0,0.0,100.0,0,1,0,Fake
-1,21,-1,1,1,1,1,1.0,5113,-1,1,0.0,0.0,0,0,0.0,100.0,0.0,100.0,100.0,100.0,0.0,0,1,0,Fake
1,35,1,1,1,1,2,0.0,9496,-1,1,50.0,0.0,0,0,0.0,100.0,80.0,0.0,75.0,14.286,0.0,1,1,0,Fake
-1,49,-1,1,1,1,1,,3377,-1,1,0.0,0.0,0,0,0.0,100.0,0.0,100.0,100.0,100.0,0.0,0,1,0,Fake
-1,24,-1,1,1,1,1,0.0,4018,1,1,0.0,0.0,0,0,0.0,100.0,18.182,100.0,100.0,100.0,0.0,1,1,0,Fake
1,27,-1,1,1,1,1,1.0,1461,-1,1,0.0,0.0,0,0,0.0,0.0,0.0,100.0,0.0,0.0,0.0,0,1,0,Fake
1,27,1,1,1,1,1,1.0,0,-1,1,0.0,0.0,0,0,0.0,0.0,0.0,100.0,0.0,0.0,0.0,0,1,0,Fake
-1,113,1,1,1,1,10,,5669,-1,1,100.0,0.0,0,0,0.0,0.0,88.889,0.0,0.0,100.0,0.0,1,1,0,Fake
1,50,-1,-1,1,1,1,1.0,4018,1,1,0.0,0.0,0,0,0.0,0.0,100.0,0.0,0.0,0.0,0.0,1,1,0,Fake
-1,49,1,1,1,1,2,1.0,0,-1,1,0.0,0.0,0,0,0.0,0.0,0.0,0.0,0.0,0.0,0.0,0,0,0,Fake
-1,20,1,1,1,1,1,0.0,4018,-1,1,0.0,0.0,0,0,0.0,100.0,0.0,100.0,100.0,100.0,0.0,0,1,0,Fake
1,49,1,1,1,1,1,-1.0,4383,-1,1,0.0,0.0,0,0,0.0,0.0,50.0,0.0,0.0,0.0,0.0,-1,1,0,Fake
-1,33,1,1,1,1,2,-1.0,0,-1,1,0.0,0.0,0,0,0.0,0.0,0.0,0.0,100.0,100.0,0.0,0,0,0,Fake
1,39,-1,1,1,1,2,0.0,365,1,1,100.0,0.0,0,0,0.0,0.0,100.0,100.0,100.0,100.0,0.0,1,1,0,Fake
1,57,-1,1,1,1,3,1.0,4721,1,1,1.6,0.0,0,0,0.0,0.0,4.812,100.0,100.0,100.0,0.0,1,1,0,Fake
1,52,1,1,1,1,1,0.0,0,-1,1,0.0,0.0,0,0,0.0,0.0,0.0,0.0,0.0,0.0,0.0,0,1,0,Fake
-1,43,1,1,1,1,2,,0,1,1,100.0,0.0,0,0,0.0,0.0,70.0,0.0,47.059,55.556,0.0,1,0,0,Fake
-1,34,1,1,1,1,2,0.0,4383,-1,1,0.0,0.0,0,0,0.0,0.0,0.0,40.0,0.0,100.0,0.0,0,1,0,Fake
-1,423,1,1,1,1,4,1.0,8400,-1,1,0.0,0.0,0,0,0.0,0.0,0.0,0.0,0.0,0.0,0.0,0,1,0,Fake
1,69,1,1,1,1,1,-1.0,1826,-1,1,0.0,0.0,0,0,0.0,0.0,0.0,0.0,0.0,100.0,0.0,0,1,0,Fake
-1,423,1,1,1,1,4,1.0,8400,-1,1,0.0,0.0,0,0,0.0,0.0,0.0,0.0,0.0,0.0,0.0,0,1,0,Fake
-1,85,1,1,1,1,5,1.0,9430,-1,1,0.0,0.0,0,0,0.0,0.0,0.0,0.0,0.0,0.0,0.0,0,1,0,Fake
1,48,-1,-1,1,1,1,1.0,4018,1,1,0.0,0.0,0,0,0.0,0.0,100.0,0.0,0.0,0.0,0.0,1,1,0,Fake
-1,33,-1,1,1,1,3,0.0,7304,-1,1,0.0,0.0,0,0,0.0,0.0,0.0,0.0,0.0,0.0,0.0,0,1,0,Fake
-1,240,-1,1,1,1,2,-1.0,5844,-1,1,100.0,0.0,0,0,0.0,0.0,66.667,100.0,100.0,100.0,0.0,1,1,0,Fake
1,33,1,1,1,1,1,,6209,-1,1,0.0,0.0,0,0,0.0,0.0,0.0,0.0,0.0,0.0,0.0,0,1,0,Fake
1,32,1,1,1,1,1,,6209,-1,1,0.0,0.0,0,0,0.0,0.0,0.0,0.0,0.0,0.0,0.0,0,1,0,Fake
1,20,1,1,1,1,1,0.0,4018,1,1,0.0,0.0,0,0,0.0,0.0,0.0,0.0,66.667,0.0,0.0,0,1,0,Fake
-1,282,-1,1,1,1,3,1.0,8400,1,1,0.0,0.0,0,0,0.0,0.0,66.667,0.0,100.0,100.0,0.0,1,1,0,Fake
-1,70,-1,1,1,1,3,0.0,0,1,1,0.0,0.0,0,0,0.0,0.0,36.364,100.0,0.0,100.0,0.0,1,1,0,Fake
-1,52,-1,1,1,1,2,0.0,0,1,1,0.0,0.0,0,0,0.0,0.0,36.364,100.0,0.0,100.0,0.0,1,1,0,Fake
-1,111,1,1,1,1,2,,11322,-1,1,100.0,0.0,0,0,0.0,0.0,0.0,100.0,100.0,100.0,0.0,1,1,0,Fake
-1,48,-1,1,1,1,3,0.0,7670,-1,1,93.75,0.0,0,0,0.0,0.0,98.413,0.0,100.0,100.0,0.0,1,1,0,Fake
-1,467,1,1,1,1,2,-1.0,365,1,1,0.0,0.0,0,0,0.0,0.0,100.0,0.0,0.0,100.0,0.0,1,1,0,Fake
1,51,-1,1,1,1,4,-1.0,0,1,1,1.6,0.0,0,0,0.0,0.0,4.812,100.0,100.0,100.0,0.0,1,0,0,Fake
1,48,1,1,1,1,2,,11322,-1,1,0.0,0.0,0,0,0.0,0.0,0.0,0.0,14.286,50.0,0.0,0,1,0,Fake
1,39,1,1,1,1,1,,3653,-1,1,0.0,0.0,0,0,0.0,0.0,0.0,0.0,0.0,0.0,0.0,0,1,0,Fake
1,47,-1,1,1,1,2,1.0,1096,-1,1,0.0,0.0,0,0,0.0,0.0,0.0,0.0,0.0,100.0,0.0,-1,1,0,Fake
-1,37,1,1,1,1,2,1.0,2191,-1,1,100.0,0.0,0,0,0.0,0.0,100.0,0.0,100.0,100.0,0.0,1,1,0,Fake
-1,81,-1,1,1,1,2,,11322,-1,1,100.0,0.0,0,0,0.0,0.0,400.0,0.0,100.0,100.0,0.0,1,1,0,Fake
-1,105,-1,1,1,1,2,,11322,-1,1,100.0,0.0,0,0,0.0,0.0,400.0,0.0,100.0,100.0,0.0,1,1,0,Fake
1,23,1,1,1,1,2,,0,1,1,100.0,0.0,0,0,0.0,0.0,100.0,100.0,0.0,100.0,0.0,1,1,0,Fake
-1,36,1,1,1,1,2,1.0,2191,-1,1,100.0,0.0,0,0,0.0,0.0,100.0,0.0,100.0,100.0,0.0,1,1,0,Fake
1,35,1,1,1,1,2,0.0,6575,-1,1,100.0,0.0,0,0,0.0,100.0,100.0,0.0,100.0,100.0,0.0,1,1,0,Fake
1,25,1,1,1,1,2,0.0,6575,-1,1,100.0,0.0,0,0,0.0,0.0,85.714,0.0,100.0,100.0,0.0,1,1,0,Fake
-1,23,-1,1,1,1,1,-1.0,4017,-1,1,100.0,0.0,0,0,0.0,100.0,100.0,0.0,0.0,100.0,0.0,1,1,0,Fake
-1,27,1,1,1,1,2,,0,1,1,0.0,0.0,0,0,0.0,0.0,0.0,0.0,0.0,100.0,0.0,0,0,0,Fake
1,56,1,1,1,1,1,0.0,1826,-1,1,83.33,0.0,0,0,0.0,0.0,100.0,0.0,0.0,100.0,0.0,1,1,0,Fake
1,51,1,1,1,1,1,1.0,2922,1,1,100.0,0.0,0,0,0.0,0.0,0.0,0.0,0.0,100.0,0.0,0,1,0,Fake
1,50,-1,1,1,1,1,1.0,2922,1,1,100.0,0.0,0,0,0.0,0.0,0.0,0.0,0.0,100.0,0.0,0,1,0,Fake
1,19,1,1,1,1,1,,365,-1,1,0.0,0.0,0,0,0.0,0.0,0.0,0.0,0.0,0.0,0.0,0,1,0,Fake
1,18,1,1,1,1,1,,730,-1,1,100.0,0.0,0,0,0.0,0.0,66.667,0.0,0.0,100.0,0.0,1,1,0,Fake
1,23,1,1,1,1,1,-1.0,731,1,1,0.0,0.0,0,0,0.0,0.0,40.0,0.0,0.0,100.0,0.0,1,1,0,Fake
-1,54,1,1,1,1,2,1.0,8766,-1,1,0.0,0.0,0,0,0.0,0.0,0.0,100.0,100.0,100.0,0.0,0,1,0,Fake
1,38,1,1,1,1,2,,0,1,1,100.0,0.0,0,0,0.0,0.0,100.0,0.0,50.0,55.556,0.0,1,0,0,Fake
-1,35,1,1,1,1,2,1.0,2191,-1,1,100.0,0.0,0,0,0.0,0.0,100.0,0.0,100.0,100.0,0.0,1,1,0,Fake
1,27,1,1,1,1,2,,0,1,1,0.0,0.0,0,0,0.0,0.0,0.0,0.0,0.0,100.0,0.0,0,0,0,Fake
1,37,1,1,1,1,2,,0,1,1,100.0,0.0,0,0,0.0,0.0,46.154,33.333,55.0,33.333,0.0,1,0,0,Fake
1,38,1,1,1,1,2,,0,1,1,100.0,0.0,0,0,0.0,0.0,46.154,33.333,55.0,33.333,0.0,1,0,0,Fake
1,46,-1,1,1,1,1,-1.0,2920,1,1,0.0,0.0,0,0,0.0,0.0,3.509,0.0,0.0,100.0,0.0,1,1,0,Fake
1,28,1,1,1,1,1,,4383,-1,1,0.0,0.0,0,0,0.0,0.0,0.0,100.0,0.0,0.0,0.0,0,1,0,Fake
1,55,1,1,1,1,1,1.0,0,-1,1,0.0,0.0,0,0,0.0,0.0,0.0,0.0,0.0,0.0,0.0,0,0,0,Fake
-1,153,1,-1,1,-1,6,,0,-1,1,0.0,0.0,0,0,0.0,0.0,0.0,0.0,100.0,0.0,0.0,0,0,0,Fake
-1,82,-1,1,1,1,1,1.0,2922,-1,1,0.0,0.0,0,0,0.0,0.0,0.0,100.0,0.0,0.0,0.0,0,1,0,Fake
1,25,1,1,1,1,2,,0,-1,1,0.0,0.0,0,0,0.0,0.0,50.0,33.333,98.039,83.333,0.0,1,0,0,Fake
-1,95,1,1,1,1,3,-1.0,1461,-1,1,100.0,0.0,0,0,0.0,0.0,100.0,100.0,100.0,100.0,0.0,1,1,0,Fake
1,42,1,1,1,1,1,0.0,1461,1,1,50.0,0.0,0,0,0.0,0.0,18.519,18.75,83.333,25.0,0.0,1,1,0,Fake
1,35,1,1,1,1,2,,0,1,1,0.0,0.0,0,0,0.0,0.0,0.0,50.0,35.714,42.857,0.0,0,0,0,Fake
-1,80,1,1,1,1,5,-1.0,7669,1,1,0.0,0.0,0,0,0.0,0.0,81.481,0.0,0.0,100.0,0.0,1,1,0,Fake
-1,147,1,1,1,1,3,0.0,1461,-1,1,0.0,0.0,0,0,0.0,0.0,0.0,0.0,0.0,0.0,0.0,0,1,0,Fake
-1,26,-1,1,1,1,1,1.0,4018,-1,1,100.0,0.0,0,0,0.0,0.0,100.0,0.0,0.0,100.0,0.0,1,1,0,Fake
-1,147,1,1,1,1,3,0.0,1461,-1,1,0.0,0.0,0,0,0.0,0.0,0.0,0.0,0.0,0.0,0.0,0,1,0,Fake
-1,26,1,1,1,1,2,1.0,8683,-1,1,0.0,0.0,0,0,0.0,0.0,0.0,0.0,0.0,0.0,0.0,0,1,0,Fake
-1,126,1,1,1,1,3,0.0,2192,-1,1,100.0,0.0,0,0,0.0,0.0,100.0,100.0,100.0,100.0,0.0,1,1,0,Fake
1,45,-1,1,1,1,2,-1.0,0,-1,1,0.0,0.0,0,0,0.0,0.0,0.0,0.0,100.0,100.0,0.0,0,1,0,Fake
1,65,1,1,1,1,1,-1.0,2192,-1,1,0.0,0.0,0,0,0.0,0.0,0.0,0.0,0.0,0.0,0.0,0,1,0,Fake
1,44,-1,1,1,1,3,,4383,-1,1,80.0,0.0,0,0,0.0,0.0,53.333,0.0,100.0,100.0,0.0,1,1,0,Fake
1,66,1,1,1,1,3,,4383,-1,1,80.0,0.0,0,0,0.0,0.0,53.333,0.0,100.0,100.0,0.0,1,1,0,Fake
1,37,1,1,1,1,2,0.0,4018,1,1,0.0,0.0,0,0,0.0,0.0,11.111,0.0,100.0,83.333,0.0,1,1,0,Fake
1,47,-1,1,1,1,2,1.0,1096,1,1,0.0,0.0,0,0,0.0,0.0,0.0,0.0,100.0,100.0,0.0,0,1,0,Fake
-1,139,1,1,1,1,5,,0,-1,1,0.0,0.0,0,0,0.0,0.0,0.0,0.0,100.0,0.0,0.0,0,0,0,Fake
-1,55,1,1,1,1,2,,1826,-1,1,0.0,0.0,0,0,0.0,0.0,0.0,100.0,0.0,0.0,0.0,0,1,0,Fake
1,35,1,1,1,1,2,,0,1,1,100.0,0.0,0,0,0.0,0.0,70.37,33.333,47.826,55.556,0.0,1,0,0,Fake
1,36,1,1,1,1,2,,0,1,1,100.0,0.0,0,0,0.0,0.0,70.37,33.333,47.826,55.556,0.0,1,0,0,Fake
-1,27,1,1,1,1,2,,0,1,1,0.0,0.0,0,0,0.0,0.0,0.0,0.0,0.0,100.0,0.0,0,0,0,Fake
-1,207,1,1,1,1,3,-1.0,4383,-1,1,0.0,0.0,0,0,0.0,100.0,0.0,100.0,0.0,0.0,0.0,0,1,0,Fake
-1,115,1,1,1,1,1,0.0,365,-1,1,0.0,0.0,0,0,0.0,0.0,0.0,0.0,0.0,0.0,0.0,0,0,0,Fake
-1,125,1,1,1,1,1,-1.0,365,-1,1,0.0,0.0,0,0,0.0,0.0,0.0,100.0,100.0,100.0,0.0,1,1,0,Fake
1,50,-1,1,1,1,3,0.0,7670,-1,1,93.75,0.0,0,0,0.0,0.0,98.413,0.0,100.0,100.0,0.0,1,1,0,Fake
-1,48,1,1,1,1,1,,1461,1,1,100.0,0.0,0,0,0.0,0.0,122.5,100.0,100.0,100.0,0.0,1,1,0,Fake
1,44,1,1,1,1,2,0.0,365,-1,1,0.0,0.0,0,0,0.0,0.0,0.0,0.0,100.0,100.0,0.0,1,1,0,Fake
1,75,-1,1,1,1,1,,0,-1,1,0.0,0.0,0,0,0.0,0.0,0.0,0.0,0.0,0.0,0.0,0,1,0,Fake
1,33,1,1,1,1,1,,365,-1,1,0.0,0.0,0,0,0.0,0.0,0.0,0.0,100.0,0.0,0.0,0,1,0,Fake
1,27,1,1,1,1,2,,0,1,1,100.0,0.0,0,0,0.0,0.0,50.0,33.333,52.632,33.333,0.0,1,0,0,Fake
1,31,-1,1,1,1,1,0.0,365,-1,1,0.0,0.0,0,0,0.0,0.0,33.333,0.0,0.0,16.667,0.0,1,1,0,Fake
1,30,-1,1,1,1,1,0.0,365,-1,1,0.0,0.0,0,0,0.0,0.0,33.333,0.0,0.0,16.667,0.0,1,1,0,Fake
1,43,1,1,1,1,1,-1.0,2192,1,1,100.0,0.0,0,0,0.0,0.0,100.0,0.0,100.0,100.0,0.0,1,1,0,Fake
1,45,-1,1,1,1,2,-1.0,4748,-1,1,100.0,0.0,0,0,0.0,100.0,100.0,0.0,100.0,100.0,0.0,1,1,0,Fake
1,41,-1,1,1,1,1,-1.0,4748,-1,1,100.0,0.0,0,0,0.0,100.0,100.0,0.0,100.0,100.0,0.0,1,1,0,Fake
1,132,1,1,1,1,1,-1.0,731,-1,1,0.0,0.0,0,0,0.0,0.0,13.592,8.84,31.034,13.636,0.0,1,1,0,Fake
-1,45,1,1,1,1,3,1.0,2191,-1,1,100.0,0.0,0,0,0.0,0.0,100.0,0.0,100.0,0.0,0.0,1,1,0,Fake
-1,27,1,1,1,1,2,,0,1,1,0.0,0.0,0,0,0.0,0.0,0.0,0.0,0.0,100.0,0.0,0,0,0,Fake
1,27,1,1,1,1,2,,0,1,1,0.0,0.0,0,0,0.0,0.0,0.0,0.0,0.0,100.0,0.0,0,0,0,Fake
-1,26,1,1,1,1,2,,0,1,1,0.0,0.0,0,0,0.0,0.0,0.0,0.0,0.0,100.0,0.0,0,0,0,Fake
-1,32,-1,1,1,1,3,0.0,5844,-1,1,93.75,0.0,0,0,0.0,0.0,98.413,0.0,100.0,100.0,0.0,1,1,0,Fake
1,20,1,1,1,1,1,-1.0,365,-1,1,100.0,0.0,0,0,0.0,0.0,0.0,0.0,100.0,0.0,0.0,0,1,0,Fake
1,22,-1,1,1,1,2,-1.0,365,-1,1,100.0,0.0,0,0,0.0,0.0,0.0,0.0,100.0,0.0,0.0,0,1,0,Fake
1,34,1,1,1,1,2,,0,1,1,0.0,0.0,0,0,0.0,0.0,85.714,0.0,52.632,33.333,0.0,1,0,0,Fake
-1,306,-1,1,1,1,3,1.0,8400,-1,1,0.0,0.0,0,0,0.0,0.0,0.0,0.0,0.0,0.0,0.0,0,1,0,Fake
1,37,0,1,1,1,1,0.0,0,0,1,0.0,0.0,0,0,0.0,0.0,0.0,0.0,0.0,0.0,0.0,0,0,0,Fake
-1,159,-1,1,1,1,2,1.0,0,1,1,0.0,0.0,0,0,0.0,0.0,100.0,0.0,0.0,100.0,0.0,1,1,0,Fake
-1,43,1,1,1,1,2,,0,-1,1,0.0,0.0,0,0,0.0,0.0,91.667,100.0,100.0,100.0,0.0,1,0,0,Fake
-1,159,-1,1,1,1,2,1.0,0,1,1,0.0,0.0,0,0,0.0,0.0,100.0,0.0,0.0,100.0,0.0,1,1,0,Fake
-1,159,-1,1,1,1,2,1.0,0,1,1,0.0,0.0,0,0,0.0,0.0,100.0,0.0,0.0,100.0,0.0,1,1,0,Fake
-1,159,-1,1,1,1,2,1.0,0,1,1,0.0,0.0,0,0,0.0,0.0,100.0,0.0,0.0,100.0,0.0,1,1,0,Fake
-1,159,-1,1,1,1,2,1.0,0,1,1,0.0,0.0,0,0,0.0,0.0,100.0,0.0,0.0,100.0,0.0,1,1,0,Fake
-1,159,-1,1,1,1,2,1.0,0,1,1,0.0,0.0,0,0,0.0,0.0,100.0,0.0,0.0,100.0,0.0,1,1,0,Fake
-1,159,-1,1,1,1,2,1.0,0,1,1,0.0,0.0,0,0,0.0,0.0,100.0,0.0,0.0,100.0,0.0,1,1,0,Fake
-1,159,-1,1,1,1,2,1.0,0,1,1,0.0,0.0,0,0,0.0,0.0,100.0,0.0,0.0,100.0,0.0,1,1,0,Fake
-1,159,-1,1,1,1,2,1.0,0,1,1,0.0,0.0,0,0,0.0,0.0,100.0,0.0,0.0,100.0,0.0,1,1,0,Fake
-1,22,-1,1,1,1,1,1.0,5113,1,1,0.0,0.0,0,0,0.0,0.0,100.0,0.0,0.0,100.0,0.0,1,1,0,Fake
1,34,1,1,1,1,2,,0,1,1,100.0,0.0,0,0,0.0,0.0,50.0,33.333,52.632,33.333,0.0,1,0,0,Fake
1,35,1,1,1,1,2,,0,1,1,100.0,0.0,0,0,0.0,0.0,50.0,33.333,52.632,33.333,0.0,1,0,0,Fake
1,39,1,1,1,1,1,,2192,-1,1,0.0,0.0,0,0,0.0,0.0,0.0,0.0,0.0,0.0,0.0,0,1,0,Fake
1,40,1,1,1,1,1,,2192,-1,1,0.0,0.0,0,0,0.0,0.0,0.0,0.0,0.0,0.0,0.0,0,1,0,Fake
1,56,1,1,1,1,1,-1.0,1461,1,1,100.0,0.0,0,0,0.0,0.0,100.0,0.0,0.0,100.0,0.0,1,1,0,Fake
1,31,1,1,1,1,2,,0,1,1,100.0,0.0,0,0,0.0,0.0,75.0,0.0,50.0,55.556,0.0,1,0,0,Fake
-1,102,1,1,1,1,3,1.0,364,1,1,90.0,0.0,0,0,0.0,100.0,63.333,0.0,100.0,100.0,0.0,1,1,0,Fake
1,19,1,1,1,1,1,-1.0,7669,-1,1,0.0,0.0,0,0,0.0,0.0,2.041,7.018,8.0,28.571,0.0,1,1,0,Fake
1,46,1,1,1,1,1,-1.0,0,-1,1,0.0,0.0,0,0,0.0,0.0,0.0,0.0,0.0,0.0,0.0,0,0,0,Fake
1,20,-1,1,1,1,1,0.0,0,1,1,0.0,0.0,0,0,0.0,0.0,100.0,0.0,100.0,100.0,0.0,1,-1,0,Fake
-1,159,-1,1,1,1,2,1.0,0,1,1,0.0,0.0,0,0,0.0,0.0,100.0,0.0,0.0,100.0,0.0,1,1,0,Fake
-1,159,-1,1,1,1,2,1.0,0,1,1,0.0,0.0,0,0,0.0,0.0,100.0,0.0,0.0,100.0,0.0,1,1,0,Fake
-1,159,-1,1,1,1,2,1.0,0,1,1,0.0,0.0,0,0,0.0,0.0,100.0,0.0,0.0,100.0,0.0,1,1,0,Fake
-1,45,1,1,1,1,1,,1460,-1,1,100.0,0.0,0,0,0.0,0.0,100.0,0.0,100.0,100.0,0.0,1,1,0,Fake
1,48,1,-1,1,1,2,-1.0,1096,1,1,100.0,0.0,0,0,0.0,0.0,0.0,0.0,100.0,100.0,0.0,0,1,0,Fake
1,114,-1,1,1,1,2,-1.0,7670,-1,1,0.0,0.0,0,0,0.0,0.0,0.0,0.0,0.0,14.286,0.0,1,1,0,Fake
-1,28,1,1,1,1,1,,731,-1,1,100.0,0.0,0,0,0.0,0.0,100.0,0.0,100.0,100.0,0.0,1,1,0,Fake
-1,37,1,1,1,1,2,,8036,-1,1,0.0,0.0,0,0,0.0,0.0,100.0,0.0,100.0,100.0,0.0,1,1,0,Fake
-1,49,1,1,1,1,2,,6209,-1,1,0.0,0.0,0,0,0.0,0.0,100.0,0.0,0.0,100.0,0.0,1,1,0,Fake
1,34,0,1,1,1,3,,1826,-1,1,0.0,0.0,0,0,0.0,0.0,0.0,0.0,0.0,0.0,0.0,0,1,0,Fake
1,44,1,1,1,1,3,,1826,-1,1,0.0,0.0,0,0,0.0,0.0,0.0,0.0,0.0,0.0,0.0,0,1,0,Fake
-1,48,-1,1,1,1,3,0.0,0,1,1,0.0,0.0,0,0,0.0,0.0,36.364,100.0,0.0,100.0,0.0,1,1,0,Fake
-1,87,-1,1,1,1,3,,731,1,1,0.0,0.0,0,0,0.0,0.0,0.0,0.0,0.0,100.0,0.0,0,1,0,Fake
1,26,1,1,1,1,2,-1.0,0,-1,1,0.0,0.0,0,0,0.0,0.0,0.0,100.0,0.0,0.0,0.0,0,0,0,Fake
-1,101,1,1,1,1,2,,11322,-1,1,100.0,0.0,0,0,0.0,0.0,400.0,0.0,100.0,100.0,0.0,1,1,0,Fake
1,33,1,1,1,1,2,-1.0,1096,-1,1,100.0,0.0,0,0,0.0,0.0,100.0,0.0,100.0,100.0,0.0,-1,1,0,Fake
1,60,-1,1,1,1,1,,730,1,1,100.0,0.0,0,0,0.0,0.0,80.392,0.0,100.0,100.0,50.0,1,1,0,Fake
-1,41,1,1,1,1,2,,0,-1,1,100.0,0.0,0,0,0.0,0.0,100.0,100.0,100.0,100.0,0.0,1,0,0,Fake
-1,37,1,1,1,1,2,,0,-1,1,100.0,0.0,0,0,0.0,0.0,89.286,100.0,100.0,87.5,0.0,1,0,0,Fake
-1,52,1,1,1,1,3,,0,-1,1,100.0,0.0,0,0,0.0,100.0,96.667,100.0,100.0,88.889,0.0,1,0,0,Fake
-1,399,1,1,1,1,2,-1.0,2922,-1,1,50.0,0.0,0,0,0.0,0.0,250.0,0.0,100.0,100.0,0.0,1,1,0,Fake
1,23,1,1,1,1,1,-1.0,1461,-1,1,100.0,0.0,0,0,0.0,0.0,0.0,0.0,100.0,100.0,0.0,0,1,0,Fake
-1,96,-1,1,1,1,4,0.0,0,1,1,0.0,0.0,0,0,0.0,0.0,0.0,0.0,0.0,100.0,0.0,0,0,0,Fake
1,25,-1,1,1,1,2,-1.0,0,-1,1,0.0,0.0,0,0,0.0,0.0,0.0,100.0,0.0,0.0,0.0,0,0,0,Fake
1,26,1,1,1,1,2,-1.0,0,-1,1,0.0,0.0,0,0,0.0,0.0,0.0,100.0,0.0,0.0,0.0,0,0,0,Fake
1,24,-1,1,1,1,2,-1.0,0,-1,1,0.0,0.0,0,0,0.0,0.0,0.0,100.0,0.0,0.0,0.0,0,0,0,Fake
-1,26,1,1,1,1,2,,0,1,1,0.0,0.0,0,0,0.0,0.0,0.0,0.0,0.0,100.0,0.0,0,0,0,Fake
1,52,-1,1,1,1,2,-1.0,731,1,1,0.0,0.0,0,0,0.0,0.0,34.483,6.481,8.163,8.108,0.0,1,1,0,Fake
1,22,1,1,1,1,1,0.0,365,-1,1,100.0,0.0,0,0,0.0,0.0,80.0,0.0,100.0,100.0,0.0,1,1,0,Fake
1,54,-1,1,1,1,1,1.0,4748,-1,1,0.0,0.0,0,0,0.0,0.0,0.0,0.0,0.0,100.0,0.0,-1,1,0,Fake
1,33,1,1,1,1,1,,9860,-1,1,100.0,0.0,0,0,0.0,0.0,100.0,0.0,0.0,100.0,0.0,1,1,0,Fake
1,60,1,-1,1,1,2,-1.0,1096,1,1,100.0,0.0,0,0,0.0,0.0,0.0,0.0,100.0,100.0,0.0,0,1,0,Fake
1,36,1,1,1,1,2,,0,1,1,100.0,0.0,0,0,0.0,0.0,50.0,33.333,55.0,33.333,0.0,1,0,0,Fake
1,59,1,1,-1,1,1,1.0,365,-1,1,0.0,0.0,0,0,0.0,0.0,200.0,0.0,0.0,0.0,0.0,1,1,0,Fake
1,54,1,-1,1,1,2,-1.0,0,1,1,100.0,0.0,0,0,0.0,0.0,0.0,0.0,100.0,100.0,0.0,0,1,0,Fake
1,76,1,1,1,1,1,,3653,-1,1,0.0,0.0,0,0,0.0,0.0,0.0,0.0,0.0,0.0,0.0,0,1,0,Fake
-1,86,-1,-1,1,-1,3,1.0,4018,-1,1,100.0,0.0,0,0,0.0,0.0,100.0,0.0,0.0,100.0,0.0,1,1,0,Fake
-1,159,-1,1,1,1,2,1.0,0,1,1,0.0,0.0,0,0,0.0,0.0,100.0,0.0,0.0,100.0,0.0,1,1,0,Fake
-1,159,-1,1,1,1,2,1.0,0,1,1,0.0,0.0,0,0,0.0,0.0,100.0,0.0,0.0,100.0,0.0,1,1,0,Fake
-1,159,-1,1,1,1,2,1.0,0,1,1,0.0,0.0,0,0,0.0,0.0,100.0,0.0,0.0,100.0,0.0,1,1,0,Fake
-1,159,-1,1,1,1,2,1.0,0,1,1,0.0,0.0,0,0,0.0,0.0,100.0,0.0,0.0,100.0,0.0,1,1,0,Fake
-1,159,-1,1,1,1,2,1.0,0,1,1,0.0,0.0,0,0,0.0,0.0,100.0,0.0,0.0,100.0,0.0,1,1,0,Fake
-1,159,-1,1,1,1,2,1.0,0,1,1,0.0,0.0,0,0,0.0,0.0,100.0,0.0,0.0,100.0,0.0,1,1,0,Fake
-1,159,-1,1,1,1,2,1.0,0,1,1,0.0,0.0,0,0,0.0,0.0,100.0,0.0,0.0,100.0,0.0,1,1,0,Fake
-1,475,-1,1,1,1,6,,2557,-1,1,0.0,0.0,0,0,0.0,0.0,100.0,0.0,0.0,100.0,0.0,1,1,0,Fake
-1,159,-1,1,1,1,2,1.0,0,1,1,0.0,0.0,0,0,0.0,0.0,100.0,0.0,0.0,100.0,0.0,1,1,0,Fake
-1,159,-1,1,1,1,2,1.0,0,1,1,0.0,0.0,0,0,0.0,0.0,100.0,0.0,0.0,100.0,0.0,1,1,0,Fake
-1,159,-1,1,1,1,2,1.0,0,1,1,0.0,0.0,0,0,0.0,0.0,100.0,0.0,0.0,100.0,0.0,1,1,0,Fake
-1,159,-1,1,1,1,2,1.0,0,1,1,0.0,0.0,0,0,0.0,0.0,100.0,0.0,0.0,100.0,0.0,1,1,0,Fake
-1,159,-1,1,1,1,2,1.0,0,1,1,0.0,0.0,0,0,0.0,0.0,100.0,0.0,0.0,100.0,0.0,1,1,0,Fake
-1,159,-1,1,1,1,2,1.0,0,1,1,0.0,0.0,0,0,0.0,0.0,100.0,0.0,0.0,100.0,0.0,1,0,0,Fake
-1,159,-1,1,1,1,2,1.0,0,1,1,0.0,0.0,0,0,0.0,0.0,100.0,0.0,0.0,100.0,0.0,1,0,0,Fake
-1,159,-1,1,1,1,2,1.0,0,1,1,0.0,0.0,0,0,0.0,0.0,100.0,0.0,0.0,100.0,0.0,1,0,0,Fake
-1,159,-1,1,1,1,2,1.0,0,1,1,0.0,0.0,0,0,0.0,0.0,100.0,0.0,0.0,100.0,0.0,1,0,0,Fake
-1,161,-1,1,1,1,4,,2922,1,-1,98.77,0.0,0,0,0.0,100.0,455.952,100.0,100.0,100.0,0.0,1,1,0,Fake
-1,19,1,1,1,1,1,,0,1,1,0.0,0.0,0,0,0.0,0.0,100.0,100.0,100.0,100.0,0.0,1,0,0,Fake
-1,113,1,1,1,1,2,,11322,-1,1,100.0,0.0,0,0,0.0,0.0,0.0,100.0,100.0,100.0,0.0,1,1,0,Fake
1,32,1,1,1,1,2,1.0,0,-1,1,0.0,0.0,0,0,0.0,0.0,100.0,100.0,0.0,0.0,0.0,1,1,0,Fake
-1,113,-1,1,1,1,2,,11322,-1,1,100.0,0.0,0,0,0.0,0.0,400.0,0.0,100.0,100.0,0.0,1,1,0,Fake
-1,101,1,1,1,1,2,,11322,-1,1,100.0,0.0,0,0,0.0,0.0,400.0,0.0,100.0,100.0,0.0,1,1,0,Fake
1,38,1,1,1,1,2,,0,-1,1,0.0,0.0,0,0,0.0,0.0,0.0,50.0,40.0,50.0,0.0,0,0,0,Fake
-1,113,-1,1,1,1,2,,11322,-1,1,100.0,0.0,0,0,0.0,0.0,400.0,0.0,100.0,100.0,0.0,1,1,0,Fake
-1,101,1,1,1,1,2,,11322,-1,1,100.0,0.0,0,0,0.0,0.0,400.0,0.0,100.0,100.0,0.0,1,1,0,Fake
1,19,1,1,1,1,1,0.0,365,1,1,0.0,0.0,0,0,0.0,0.0,10.145,5.0,0.0,16.667,0.0,1,1,0,Fake
1,55,-1,1,1,1,1,,0,-1,1,0.0,0.0,0,0,0.0,0.0,57.143,0.0,0.0,14.286,0.0,1,0,0,Fake
1,47,0,1,1,1,1,1.0,6209,0,1,0.0,0.0,0,0,0.0,0.0,0.0,0.0,0.0,0.0,0.0,0,1,0,Fake
-1,273,-1,1,1,1,3,1.0,8400,1,1,0.0,0.0,0,0,0.0,0.0,66.667,0.0,100.0,100.0,0.0,1,1,0,Fake
-1,27,1,1,1,1,2,,0,1,1,0.0,0.0,0,0,0.0,0.0,0.0,0.0,0.0,100.0,0.0,0,0,0,Fake
1,29,1,1,1,1,2,1.0,4017,1,1,100.0,0.0,0,0,0.0,100.0,100.0,0.0,66.667,0.0,0.0,1,1,0,Fake
-1,47,1,1,1,1,2,-1.0,731,1,1,0.0,0.0,0,0,0.0,0.0,0.0,0.0,0.0,100.0,0.0,0,1,0,Fake
1,31,1,1,1,1,2,,0,-1,1,0.0,0.0,0,0,0.0,0.0,100.0,0.0,0.0,100.0,0.0,1,0,0,Fake
-1,102,1,1,1,1,3,1.0,364,1,1,90.0,0.0,0,0,0.0,100.0,63.333,0.0,100.0,100.0,0.0,1,1,0,Fake
-1,296,-1,1,1,1,3,1.0,8400,-1,1,0.0,0.0,0,0,0.0,0.0,0.0,0.0,0.0,0.0,0.0,0,1,0,Fake
-1,55,1,1,-1,1,2,1.0,5113,-1,1,0.0,0.0,0,0,0.0,0.0,200.0,0.0,0.0,0.0,0.0,1,1,0,Fake
1,59,1,1,1,1,3,-1.0,1826,1,1,0.0,0.0,0,0,0.0,0.0,0.0,25.0,100.0,96.296,0.0,0,1,0,Fake
-1,27,1,1,1,1,2,,0,1,1,100.0,0.0,0,0,0.0,0.0,0.0,0.0,0.0,100.0,0.0,0,1,0,Fake
-1,36,1,-1,1,-1,3,,0,1,1,100.0,0.0,0,0,0.0,0.0,0.0,0.0,0.0,100.0,0.0,0,1,0,Fake
1,32,1,1,1,1,2,,0,1,1,0.0,0.0,0,0,0.0,0.0,46.154,0.0,50.0,33.333,0.0,1,0,0,Fake
-1,53,-1,1,1,1,2,-1.0,4383,-1,1,100.0,0.0,0,0,0.0,0.0,266.667,100.0,100.0,100.0,0.0,1,1,0,Fake
1,19,1,1,1,1,1,,0,-1,1,100.0,0.0,0,0,0.0,0.0,100.0,0.0,0.0,0.0,0.0,1,0,0,Fake
1,20,1,1,1,1,1,0.0,4018,1,1,0.0,0.0,0,0,0.0,0.0,0.0,0.0,66.667,0.0,0.0,0,1,0,Fake
-1,126,1,1,1,1,3,0.0,2192,-1,1,100.0,100.0,0,0,0.0,0.0,53.846,100.0,100.0,100.0,0.0,1,1,0,Fake
-1,24,-1,1,1,1,1,0.0,4018,-1,1,0.0,0.0,0,0,0.0,0.0,0.0,0.0,100.0,0.0,0.0,0,1,0,Fake
1,46,1,1,1,1,2,0.0,730,-1,1,100.0,0.0,0,0,0.0,0.0,2.336,0.0,100.0,100.0,0.0,1,1,0,Fake
-1,39,1,1,1,1,1,1.0,0,1,1,0.0,0.0,0,0,0.0,0.0,100.0,100.0,100.0,83.333,0.0,1,0,0,Fake
-1,20,1,1,1,1,1,0.0,4018,-1,1,0.0,0.0,0,0,0.0,100.0,0.0,100.0,100.0,100.0,0.0,0,1,0,Fake
-1,19,1,1,1,1,1,0.0,4018,-1,1,0.0,0.0,0,0,0.0,100.0,0.0,100.0,100.0,100.0,0.0,0,1,0,Fake
1,19,1,1,1,1,1,0.0,4018,1,1,0.0,0.0,0,0,0.0,0.0,0.0,0.0,66.667,0.0,0.0,0,1,0,Fake
1,20,1,1,1,1,1,0.0,4018,1,1,0.0,0.0,0,0,0.0,0.0,0.0,0.0,66.667,0.0,0.0,0,1,0,Fake
1,44,1,1,1,1,1,,1461,-1,1,90.57,0.0,0,0,0.0,0.0,100.0,0.0,100.0,100.0,0.0,1,1,0,Fake
1,60,1,1,1,1,2,,4018,-1,1,0.0,0.0,0,0,0.0,0.0,0.0,0.0,0.0,0.0,0.0,0,1,0,Fake
1,23,-1,1,1,1,1,-1.0,1461,1,1,0.0,0.0,0,0,0.0,0.0,39.394,0.0,0.0,15.385,0.0,1,1,0,Fake
1,24,-1,1,1,1,1,-1.0,1461,1,1,0.0,0.0,0,0,0.0,0.0,39.394,0.0,0.0,15.385,0.0,1,1,0,Fake
1,26,1,1,1,1,2,-1.0,0,-1,1,100.0,0.0,0,0,0.0,0.0,100.0,100.0,100.0,100.0,0.0,1,0,0,Fake
1,72,-1,1,1,1,2,,365,-1,1,0.0,0.0,0,0,0.0,0.0,0.0,0.0,0.0,100.0,0.0,-1,1,0,Fake
-1,162,-1,1,1,1,7,0.0,0,-1,-1,0.0,0.0,0,0,0.0,0.0,0.0,0.0,0.0,0.0,0.0,0,0,0,Fake
-1,119,-1,1,1,1,5,0.0,0,-1,-1,0.0,0.0,0,0,0.0,0.0,0.0,0.0,0.0,0.0,0.0,0,0,0,Fake
-1,38,1,1,1,1,5,0.0,2192,-1,1,100.0,0.0,0,0,0.0,0.0,75.0,100.0,100.0,100.0,0.0,1,1,0,Fake
-1,39,1,1,1,1,6,0.0,2192,-1,1,100.0,0.0,0,0,0.0,0.0,30.233,50.0,75.0,100.0,0.0,1,1,0,Fake
-1,39,1,1,1,1,6,0.0,2192,-1,1,100.0,0.0,0,0,0.0,0.0,30.233,50.0,75.0,100.0,0.0,1,1,0,Fake
-1,75,1,1,1,1,2,-1.0,2922,-1,1,0.0,0.0,0,0,0.0,100.0,100.0,100.0,100.0,100.0,0.0,1,1,0,Fake
-1,29,1,1,1,1,3,0.0,0,-1,1,0.0,0.0,0,0,0.0,0.0,0.0,0.0,0.0,0.0,0.0,0,0,0,Fake
1,73,-1,1,1,1,2,,365,-1,1,0.0,0.0,0,0,0.0,0.0,0.0,0.0,0.0,100.0,0.0,-1,1,0,Fake
-1,22,-1,1,1,1,1,1.0,5113,1,1,71.43,0.0,0,0,100.0,100.0,87.234,100.0,100.0,100.0,0.0,1,1,0,Fake
1,85,-1,1,1,1,2,,6574,1,1,0.0,0.0,0,0,0.0,0.0,0.0,0.0,0.0,0.0,0.0,0,1,0,Fake
1,44,-1,1,1,1,1,0.0,731,-1,1,57.14,0.0,0,0,0.0,0.0,57.447,42.857,77.778,100.0,0.0,1,1,0,Fake
1,45,-1,1,1,1,1,0.0,731,-1,1,57.14,0.0,0,0,0.0,0.0,57.447,42.857,77.778,100.0,0.0,1,1,0,Fake
-1,139,-1,1,1,1,1,0.0,2557,-1,1,100.0,0.0,0,0,0.0,0.0,96.078,100.0,0.0,100.0,0.0,1,1,0,Fake
1,33,1,1,1,1,1,,1096,-1,1,0.0,0.0,0,0,0.0,0.0,0.0,0.0,0.0,0.0,0.0,0,1,0,Fake
1,48,-1,1,1,1,2,,365,-1,1,0.0,0.0,0,0,0.0,0.0,0.0,100.0,100.0,0.0,0.0,0,1,0,Fake
-1,133,-1,1,1,1,1,,365,-1,1,0.0,0.0,0,0,0.0,0.0,0.0,100.0,100.0,0.0,0.0,0,1,0,Fake
1,38,-1,1,1,1,2,,365,-1,1,0.0,0.0,0,0,0.0,0.0,0.0,100.0,100.0,0.0,0.0,0,1,0,Fake
-1,168,1,1,1,1,3,,1096,-1,1,0.0,0.0,0,0,0.0,0.0,0.0,0.0,0.0,0.0,0.0,0,1,0,Fake
-1,66,1,1,1,1,2,1.0,2191,-1,1,100.0,0.0,0,0,0.0,0.0,100.0,100.0,100.0,100.0,0.0,1,1,0,Fake
-1,27,1,1,1,1,2,,0,1,1,0.0,0.0,0,0,0.0,0.0,0.0,0.0,0.0,100.0,0.0,0,0,0,Fake
1,27,1,1,1,1,2,,0,1,1,0.0,0.0,0,0,0.0,0.0,0.0,0.0,0.0,100.0,0.0,0,0,0,Fake
-1,60,1,1,1,1,2,,1826,-1,1,0.0,0.0,0,0,0.0,0.0,0.0,0.0,100.0,100.0,0.0,0,1,0,Fake
-1,70,1,-1,1,-1,4,-1.0,1096,-1,1,0.0,0.0,0,0,0.0,0.0,0.0,0.0,100.0,0.0,0.0,0,1,0,Fake
-1,120,1,1,1,1,2,,4018,-1,1,0.0,0.0,0,0,0.0,0.0,0.0,0.0,0.0,0.0,0.0,0,1,0,Fake
1,24,0,1,1,1,1,,365,0,1,0.0,0.0,0,0,0.0,0.0,0.0,0.0,0.0,0.0,0.0,0,1,0,Fake
-1,110,1,1,1,1,3,1.0,3653,1,1,100.0,0.0,0,0,0.0,0.0,100.0,0.0,0.0,100.0,50.0,1,1,0,Fake
1,23,0,1,1,1,1,,365,0,1,0.0,0.0,0,0,0.0,0.0,0.0,0.0,0.0,0.0,0.0,0,1,0,Fake
-1,42,-1,-1,1,-1,2,0.0,0,1,1,58.33,0.0,0,0,0.0,0.0,100.0,100.0,100.0,100.0,0.0,1,1,0,Fake
-1,85,1,1,1,1,4,-1.0,3287,-1,1,0.0,0.0,0,0,0.0,0.0,0.0,0.0,0.0,0.0,0.0,0,1,0,Fake
1,83,-1,1,1,1,1,-1.0,4018,-1,1,0.0,0.0,0,0,0.0,0.0,0.0,0.0,0.0,100.0,0.0,-1,1,0,Fake
1,34,1,1,1,1,3,0.0,0,1,1,0.0,0.0,0,0,0.0,0.0,23.077,0.0,0.0,0.0,0.0,1,0,0,Fake
-1,2685,1,1,-1,1,15,,11323,-1,1,0.0,0.0,0,0,0.0,0.0,0.0,0.0,0.0,0.0,0.0,0,1,0,Fake
-1,121,1,1,1,1,2,,4018,-1,1,0.0,0.0,0,0,0.0,0.0,0.0,0.0,0.0,0.0,0.0,0,1,0,Fake
-1,46,1,1,1,1,3,1.0,2191,-1,1,100.0,0.0,0,0,0.0,0.0,100.0,0.0,100.0,0.0,0.0,1,1,0,Fake
-1,55,1,1,1,1,3,1.0,2191,-1,1,100.0,0.0,0,0,0.0,0.0,100.0,0.0,100.0,100.0,0.0,1,1,0,Fake
-1,54,1,1,1,1,3,1.0,2191,-1,1,100.0,0.0,0,0,0.0,0.0,100.0,0.0,100.0,100.0,0.0,1,1,0,Fake
-1,305,-1,1,1,1,3,1.0,8400,-1,1,0.0,0.0,0,0,0.0,0.0,0.0,0.0,0.0,0.0,0.0,0,1,0,Fake
-1,218,1,1,1,1,3,1.0,1826,1,1,100.0,0.0,0,0,0.0,100.0,100.226,100.0,100.0,100.0,0.0,1,1,0,Fake
-1,222,1,1,1,1,3,1.0,1826,1,1,100.0,0.0,0,0,0.0,100.0,100.226,100.0,100.0,100.0,0.0,1,1,0,Fake
-1,287,-1,1,1,1,3,1.0,8400,-1,1,0.0,0.0,0,0,0.0,0.0,0.0,0.0,0.0,0.0,0.0,0,1,0,Fake
-1,287,-1,1,1,1,3,1.0,8400,-1,1,0.0,0.0,0,0,0.0,0.0,0.0,0.0,0.0,0.0,0.0,0,1,0,Fake
-1,33,1,1,1,1,2,0.0,4383,-1,1,0.0,0.0,0,0,0.0,0.0,100.0,0.0,100.0,50.0,0.0,1,1,0,Fake
1,51,0,1,1,1,1,0.0,0,0,1,0.0,0.0,0,0,0.0,0.0,0.0,0.0,0.0,0.0,0.0,0,0,0,Fake
1,82,-1,1,1,1,1,-1.0,4018,-1,1,0.0,0.0,0,0,0.0,0.0,0.0,0.0,0.0,100.0,0.0,-1,1,0,Fake
-1,104,-1,1,1,1,2,1.0,1826,-1,1,0.0,0.0,0,0,0.0,0.0,0.0,0.0,0.0,100.0,0.0,-1,1,0,Fake
-1,56,1,1,1,1,2,1.0,0,1,1,100.0,0.0,0,0,0.0,0.0,0.0,0.0,0.0,100.0,0.0,0,0,0,Fake
-1,55,-1,1,1,1,2,1.0,0,1,1,100.0,0.0,0,0,0.0,0.0,0.0,0.0,0.0,100.0,0.0,0,0,0,Fake
-1,27,1,1,1,1,2,,0,1,1,0.0,0.0,0,0,0.0,0.0,0.0,0.0,0.0,100.0,0.0,0,0,0,Fake
-1,38,1,1,1,1,2,-1.0,1096,1,1,100.0,0.0,0,0,0.0,0.0,73.913,100.0,100.0,100.0,0.0,-1,1,0,Fake
-1,21,1,1,1,1,1,-1.0,0,-1,1,0.0,0.0,0,0,0.0,0.0,50.0,100.0,100.0,0.0,0.0,1,1,0,Fake
1,39,1,1,1,1,2,-1.0,3287,-1,1,0.0,0.0,0,0,0.0,0.0,0.0,0.0,0.0,0.0,0.0,1,1,0,Fake
-1,108,1,1,-1,1,5,0.0,8036,-1,1,0.0,0.0,0,0,0.0,0.0,0.0,0.0,0.0,0.0,0.0,0,1,0,Fake
-1,113,1,1,-1,1,5,0.0,8036,-1,1,0.0,0.0,0,0,0.0,0.0,0.0,0.0,0.0,0.0,0.0,0,1,0,Fake
-1,107,1,1,-1,1,5,0.0,8036,-1,1,0.0,0.0,0,0,0.0,0.0,0.0,0.0,0.0,0.0,0.0,0,1,0,Fake
-1,64,1,1,1,1,2,,6940,-1,1,0.0,0.0,0,0,0.0,0.0,0.0,0.0,0.0,0.0,0.0,0,1,0,Fake
1,20,1,1,1,1,1,0.0,4018,1,1,0.0,0.0,0,0,0.0,0.0,0.0,0.0,66.667,0.0,0.0,0,1,0,Fake
1,48,1,1,1,1,2,,1826,-1,1,0.0,0.0,0,0,0.0,0.0,0.0,0.0,0.0,0.0,0.0,0,1,0,Fake
1,20,-1,1,1,1,1,0.0,4018,-1,1,0.0,0.0,0,0,0.0,0.0,0.0,0.0,0.0,0.0,0.0,0,1,0,Fake
-1,24,-1,1,1,1,3,0.0,0,-1,1,0.0,0.0,0,0,0.0,0.0,0.0,0.0,0.0,0.0,0.0,0,0,0,Fake
-1,30,-1,1,1,1,3,0.0,0,-1,1,0.0,0.0,0,0,0.0,0.0,0.0,0.0,0.0,0.0,0.0,0,0,0,Fake
1,26,-1,1,1,1,2,0.0,2557,-1,1,0.0,0.0,0,0,0.0,0.0,0.0,15.385,25.0,0.0,0.0,1,1,0,Fake
1,95,1,1,1,1,1,,1461,-1,1,0.0,0.0,0,0,0.0,0.0,0.0,0.0,0.0,0.0,0.0,0,1,0,Fake
1,98,1,1,1,1,2,,1461,-1,1,0.0,0.0,0,0,0.0,0.0,0.0,0.0,0.0,0.0,0.0,0,1,0,Fake
1,99,1,1,1,1,2,,1461,-1,1,0.0,0.0,0,0,0.0,0.0,0.0,0.0,0.0,0.0,0.0,0,1,0,Fake
1,20,1,1,1,1,1,0.0,4018,1,1,0.0,0.0,0,0,0.0,0.0,0.0,0.0,66.667,0.0,0.0,0,1,0,Fake
-1,34,1,1,1,1,3,0.0,0,-1,1,0.0,0.0,0,0,0.0,0.0,0.0,0.0,0.0,0.0,0.0,0,0,0,Fake
-1,22,-1,1,1,1,1,1.0,5113,-1,1,100.0,100.0,0,0,0.0,0.0,47.619,100.0,100.0,100.0,0.0,1,1,0,Fake
1,56,1,1,1,1,1,,1096,-1,1,100.0,0.0,0,0,0.0,0.0,80.0,0.0,100.0,100.0,0.0,1,1,0,Fake
1,69,1,1,1,1,2,,0,-1,1,0.0,0.0,0,0,0.0,0.0,0.0,0.0,0.0,0.0,0.0,0,0,0,Fake
1,86,-1,1,1,1,2,-1.0,4018,-1,1,0.0,0.0,0,0,0.0,0.0,0.0,0.0,0.0,100.0,0.0,-1,1,0,Fake
-1,22,-1,1,1,1,1,-1.0,731,-1,1,0.0,0.0,0,0,0.0,0.0,77.778,0.0,0.0,0.0,0.0,1,1,0,Fake
-1,22,-1,1,1,1,1,1.0,5113,-1,1,100.0,0.0,0,0,0.0,0.0,0.0,0.0,100.0,100.0,0.0,0,1,0,Fake
-1,22,-1,1,1,1,1,1.0,5113,-1,1,100.0,0.0,0,0,0.0,0.0,0.0,0.0,100.0,100.0,0.0,0,1,0,Fake
1,30,1,1,1,1,2,,0,1,1,100.0,0.0,0,0,0.0,0.0,46.154,33.333,52.632,33.333,0.0,1,0,0,Fake
1,31,1,1,1,1,2,,0,1,1,100.0,0.0,0,0,0.0,0.0,46.154,33.333,52.632,33.333,0.0,1,0,0,Fake
-1,68,1,1,1,1,2,1.0,2191,-1,1,100.0,0.0,0,0,0.0,100.0,100.0,0.0,100.0,100.0,0.0,-1,1,0,Fake
-1,232,-1,1,-1,1,4,1.0,8036,1,1,0.0,0.0,0,0,0.0,0.0,100.0,0.0,100.0,100.0,0.0,1,1,0,Fake
1,54,1,1,1,1,3,,731,-1,1,0.0,0.0,0,0,0.0,0.0,0.0,0.0,0.0,0.0,0.0,0,1,0,Fake
-1,42,1,1,1,1,2,0.0,4383,-1,1,0.0,0.0,0,0,0.0,0.0,100.0,100.0,100.0,50.0,0.0,1,1,0,Fake
-1,244,-1,1,-1,1,4,1.0,8036,1,1,0.0,0.0,0,0,0.0,0.0,100.0,0.0,100.0,100.0,0.0,1,1,0,Fake
1,55,1,1,1,1,3,,731,-1,1,0.0,0.0,0,0,0.0,0.0,0.0,0.0,0.0,0.0,0.0,0,1,0,Fake
-1,43,1,1,1,1,2,0.0,4383,-1,1,0.0,0.0,0,0,0.0,0.0,100.0,100.0,100.0,50.0,0.0,1,1,0,Fake
-1,110,1,1,1,1,3,1.0,3653,1,1,100.0,0.0,0,0,0.0,0.0,100.0,0.0,0.0,100.0,50.0,1,1,0,Fake
-1,185,1,1,1,1,2,1.0,4383,1,1,100.0,0.0,0,0,0.0,0.0,100.0,100.0,0.0,100.0,0.0,1,1,0,Fake
-1,188,1,1,1,1,2,1.0,4383,1,1,100.0,0.0,0,0,0.0,0.0,100.0,100.0,0.0,100.0,0.0,1,1,0,Fake
1,33,1,1,1,1,2,,0,1,1,100.0,0.0,0,0,0.0,0.0,46.154,33.333,52.632,33.333,0.0,1,0,0,Fake
1,34,1,1,1,1,2,,0,1,1,100.0,0.0,0,0,0.0,0.0,46.154,33.333,52.632,33.333,0.0,1,0,0,Fake
1,87,-1,1,1,1,2,-1.0,4018,-1,1,0.0,0.0,0,0,0.0,0.0,0.0,0.0,0.0,100.0,0.0,-1,1,0,Fake
1,78,1,1,1,1,2,-1.0,0,-1,1,0.0,0.0,0,0,0.0,0.0,100.0,0.0,100.0,100.0,0.0,1,0,0,Fake
-1,48,1,1,1,1,2,1.0,2191,-1,1,100.0,0.0,0,0,0.0,0.0,0.0,0.0,100.0,100.0,0.0,0,1,0,Fake
-1,205,-1,1,1,1,7,-1.0,0,-1,1,99.71,0.0,0,0,0.0,0.0,5470.588,0.0,100.0,100.0,0.0,1,1,0,Fake
-1,111,1,1,1,1,2,,11322,-1,1,100.0,0.0,0,0,0.0,0.0,0.0,100.0,100.0,100.0,0.0,1,1,0,Fake
-1,43,-1,-1,1,-1,2,0.0,0,1,1,58.33,0.0,0,0,0.0,0.0,100.0,100.0,100.0,100.0,0.0,1,1,0,Fake
1,43,1,1,1,1,2,0.0,4383,-1,1,0.0,0.0,0,0,0.0,0.0,0.0,0.0,0.0,0.0,0.0,0,1,0,Fake
1,42,-1,1,1,1,2,0.0,4383,-1,1,0.0,0.0,0,0,0.0,0.0,0.0,0.0,0.0,0.0,0.0,0,1,0,Fake
-1,27,1,1,1,1,2,,0,1,1,0.0,0.0,0,0,0.0,0.0,0.0,0.0,0.0,100.0,0.0,0,0,0,Fake
-1,27,1,1,1,1,2,,0,1,1,0.0,0.0,0,0,0.0,0.0,0.0,0.0,0.0,100.0,0.0,0,0,0,Fake
1,45,1,1,1,1,2,-1.0,0,-1,1,0.0,0.0,0,0,0.0,0.0,0.0,0.0,0.0,0.0,0.0,1,0,0,Fake
1,20,-1,1,1,1,1,0.0,0,1,1,0.0,0.0,0,0,0.0,0.0,0.0,0.0,100.0,100.0,0.0,0,-1,0,Fake
1,75,1,1,1,1,1,,3653,-1,1,0.0,0.0,0,0,0.0,0.0,0.0,0.0,0.0,0.0,0.0,0,1,0,Fake
1,29,1,1,1,1,2,,9498,-1,1,0.0,0.0,0,0,0.0,0.0,66.667,15.0,21.053,40.0,0.0,1,1,0,Fake
-1,50,-1,1,1,1,3,0.0,0,-1,1,0.0,0.0,0,0,0.0,0.0,0.0,0.0,0.0,0.0,0.0,0,0,0,Fake
-1,37,1,1,1,1,1,-1.0,0,1,1,0.0,0.0,0,0,0.0,0.0,100.0,0.0,0.0,100.0,0.0,1,0,0,Fake
-1,49,1,1,1,1,3,0.0,0,-1,1,0.0,0.0,0,0,0.0,0.0,0.0,0.0,0.0,0.0,0.0,0,0,0,Fake
-1,51,-1,1,1,1,3,0.0,0,-1,1,0.0,0.0,0,0,0.0,0.0,0.0,0.0,0.0,0.0,0.0,0,0,0,Fake
1,30,1,1,1,1,2,-1.0,365,-1,1,0.0,0.0,0,0,0.0,0.0,0.0,0.0,0.0,0.0,0.0,0,1,0,Fake
1,43,-1,1,1,1,1,,1096,1,1,0.0,0.0,0,0,0.0,0.0,27.273,18.182,9.091,27.778,0.0,1,1,0,Fake
-1,384,1,1,-1,1,4,,5473,1,1,0.0,0.0,0,0,0.0,0.0,0.0,0.0,0.0,100.0,0.0,0,1,0,Fake
-1,43,1,1,1,1,2,1.0,3652,1,1,0.0,0.0,0,0,0.0,0.0,0.0,0.0,0.0,100.0,0.0,0,1,0,Fake
-1,44,1,1,1,1,2,1.0,3652,1,1,0.0,0.0,0,0,0.0,0.0,0.0,0.0,0.0,100.0,0.0,0,1,0,Fake
1,34,1,1,1,1,1,-1.0,731,-1,1,100.0,0.0,0,0,0.0,0.0,68.182,0.0,12.5,83.333,0.0,1,1,0,Fake
-1,271,1,1,1,1,2,1.0,4383,1,1,100.0,0.0,0,0,0.0,0.0,100.0,100.0,0.0,100.0,0.0,1,1,0,Fake
-1,169,1,1,-1,1,7,0.0,8036,-1,1,0.0,0.0,0,0,0.0,0.0,0.0,0.0,0.0,0.0,0.0,0,1,0,Fake
-1,30,1,1,1,1,1,,0,-1,1,0.0,0.0,0,0,0.0,100.0,0.0,0.0,100.0,0.0,0.0,0,1,0,Fake
-1,35,-1,1,1,1,4,0.0,0,1,1,0.0,0.0,0,0,0.0,0.0,0.0,0.0,0.0,0.0,0.0,0,0,0,Fake
1,75,1,1,1,1,1,0.0,365,-1,1,0.0,0.0,0,0,0.0,0.0,100.0,0.0,100.0,100.0,0.0,1,1,0,Fake
1,76,1,1,1,1,1,0.0,365,-1,1,0.0,0.0,0,0,0.0,0.0,100.0,0.0,100.0,100.0,0.0,1,1,0,Fake
1,85,1,1,1,1,1,0.0,365,-1,1,0.0,0.0,0,0,0.0,0.0,100.0,0.0,100.0,100.0,0.0,1,1,0,Fake
-1,44,-1,1,1,1,2,,0,1,1,1.59,0.0,0,0,0.0,0.0,4.812,100.0,100.0,100.0,0.0,1,0,0,Fake
-1,124,1,1,-1,1,5,0.0,8036,-1,1,0.0,0.0,0,0,0.0,0.0,0.0,0.0,0.0,0.0,0.0,0,1,0,Fake
-1,129,1,1,-1,1,5,0.0,8036,-1,1,0.0,0.0,0,0,0.0,0.0,0.0,0.0,0.0,0.0,0.0,0,1,0,Fake
-1,56,1,1,1,1,4,-1.0,365,-1,1,0.0,0.0,0,0,0.0,0.0,0.0,0.0,0.0,0.0,0.0,0,1,0,Fake
-1,57,1,1,1,1,4,-1.0,365,-1,1,0.0,0.0,0,0,0.0,0.0,0.0,0.0,0.0,0.0,0.0,0,1,0,Fake
1,24,1,1,1,1,1,0.0,0,1,1,0.0,0.0,0,0,0.0,0.0,100.0,0.0,100.0,100.0,0.0,1,1,0,Fake
-1,45,-1,1,1,1,2,,0,1,1,1.59,0.0,0,0,0.0,0.0,4.812,100.0,100.0,100.0,0.0,1,0,0,Fake
-1,166,1,1,-1,1,7,0.0,8036,-1,1,0.0,0.0,0,0,0.0,0.0,0.0,0.0,0.0,0.0,0.0,0,1,0,Fake
-1,161,1,1,-1,1,7,0.0,8036,-1,1,0.0,0.0,0,0,0.0,0.0,0.0,0.0,0.0,0.0,0.0,0,1,0,Fake
1,38,1,1,1,1,1,,365,-1,1,100.0,0.0,0,0,0.0,0.0,100.0,100.0,40.0,100.0,0.0,1,1,0,Fake
-1,71,-1,1,1,1,3,0.0,6575,-1,1,50.0,0.0,0,0,0.0,0.0,0.0,100.0,100.0,100.0,0.0,1,1,0,Fake
1,53,1,1,1,1,1,,730,-1,1,0.0,0.0,0,0,0.0,0.0,0.0,0.0,0.0,0.0,0.0,0,1,0,Fake
1,63,1,1,1,1,2,-1.0,0,-1,1,75.0,0.0,0,0,0.0,0.0,100.0,100.0,100.0,100.0,0.0,1,0,0,Fake
1,27,1,1,1,1,2,-1.0,0,-1,1,100.0,0.0,0,0,0.0,0.0,100.0,100.0,100.0,100.0,0.0,1,0,0,Fake
1,30,1,1,1,1,2,-1.0,0,-1,1,100.0,0.0,0,0,0.0,0.0,100.0,100.0,100.0,100.0,0.0,1,0,0,Fake
1,32,1,1,1,1,2,-1.0,0,-1,1,100.0,0.0,0,0,0.0,0.0,100.0,100.0,100.0,100.0,0.0,1,0,0,Fake
-1,32,1,1,1,1,2,-1.0,0,-1,1,0.0,0.0,0,0,0.0,0.0,0.0,0.0,100.0,100.0,0.0,0,0,0,Fake
1,29,1,1,1,1,2,-1.0,0,-1,1,100.0,0.0,0,0,0.0,0.0,100.0,100.0,100.0,100.0,0.0,1,0,0,Fake
1,30,1,1,1,1,2,-1.0,0,-1,1,100.0,0.0,0,0,0.0,0.0,100.0,100.0,100.0,100.0,0.0,1,0,0,Fake
1,30,1,1,1,1,2,-1.0,0,-1,1,100.0,0.0,0,0,0.0,0.0,100.0,100.0,100.0,100.0,0.0,1,0,0,Fake
1,31,1,1,1,1,2,-1.0,0,-1,1,100.0,0.0,0,0,0.0,0.0,100.0,100.0,100.0,100.0,0.0,1,0,0,Fake
1,27,1,1,1,1,2,-1.0,0,-1,1,100.0,0.0,0,0,0.0,0.0,100.0,100.0,100.0,100.0,0.0,1,0,0,Fake
1,28,1,1,1,1,2,-1.0,0,-1,1,100.0,0.0,0,0,0.0,0.0,100.0,100.0,100.0,100.0,0.0,1,0,0,Fake
1,26,1,1,1,1,2,-1.0,0,-1,1,100.0,0.0,0,0,0.0,0.0,100.0,100.0,100.0,100.0,0.0,1,0,0,Fake
1,27,1,1,1,1,2,-1.0,0,-1,1,100.0,0.0,0,0,0.0,0.0,100.0,100.0,100.0,100.0,0.0,1,0,0,Fake
1,38,1,1,1,1,2,-1.0,0,-1,1,100.0,0.0,0,0,0.0,0.0,100.0,100.0,100.0,100.0,0.0,1,0,0,Fake
1,39,1,1,1,1,2,-1.0,0,-1,1,100.0,0.0,0,0,0.0,0.0,100.0,100.0,100.0,100.0,0.0,1,0,0,Fake
1,28,1,1,1,1,2,-1.0,0,-1,1,100.0,0.0,0,0,0.0,0.0,100.0,100.0,100.0,100.0,0.0,1,0,0,Fake
1,27,1,1,1,1,2,-1.0,0,-1,1,100.0,0.0,0,0,0.0,0.0,100.0,100.0,100.0,100.0,0.0,1,0,0,Fake
1,33,1,1,1,1,2,-1.0,0,-1,1,100.0,0.0,0,0,0.0,0.0,100.0,100.0,100.0,100.0,0.0,1,0,0,Fake
1,34,1,1,1,1,2,-1.0,0,-1,1,100.0,0.0,0,0,0.0,0.0,100.0,100.0,100.0,100.0,0.0,1,0,0,Fake
-1,31,1,1,1,1,2,-1.0,0,-1,1,100.0,0.0,0,0,0.0,0.0,100.0,100.0,100.0,100.0,0.0,1,0,0,Fake
-1,32,1,1,1,1,2,-1.0,0,-1,1,100.0,0.0,0,0,0.0,0.0,100.0,100.0,100.0,100.0,0.0,1,0,0,Fake
-1,180,1,1,1,1,4,0.0,4018,-1,-1,100.0,0.0,0,0,0.0,100.0,91.667,100.0,100.0,100.0,0.0,1,1,0,Fake
-1,34,1,1,1,1,2,,0,1,1,0.0,0.0,0,0,0.0,0.0,0.0,50.0,44.444,55.556,0.0,0,0,0,Fake
-1,97,1,1,1,1,5,0.0,5843,-1,1,50.0,0.0,0,0,0.0,0.0,0.0,100.0,100.0,100.0,0.0,1,1,0,Fake
-1,96,-1,1,1,1,5,0.0,5843,-1,1,50.0,0.0,0,0,0.0,0.0,0.0,100.0,100.0,100.0,0.0,1,1,0,Fake
-1,33,-1,1,1,1,2,,0,-1,1,0.0,0.0,0,0,0.0,0.0,0.0,100.0,100.0,100.0,0.0,0,0,0,Fake
-1,35,1,1,1,1,2,,0,1,1,0.0,0.0,0,0,0.0,0.0,0.0,50.0,44.444,55.556,0.0,0,0,0,Fake
-1,283,-1,1,1,1,3,1.0,8400,1,1,0.0,0.0,0,0,0.0,0.0,66.667,0.0,100.0,100.0,0.0,1,1,0,Fake
-1,29,1,1,1,1,2,0.0,2921,-1,1,0.0,0.0,0,0,0.0,0.0,0.0,0.0,100.0,0.0,0.0,0,1,0,Fake
-1,114,-1,1,1,1,2,,11322,-1,1,100.0,0.0,0,0,0.0,0.0,200.0,0.0,100.0,100.0,0.0,1,1,0,Fake
-1,44,-1,1,1,1,4,0.0,0,-1,1,0.0,0.0,0,0,0.0,0.0,0.0,0.0,0.0,0.0,0.0,0,0,0,Fake
-1,36,1,1,1,1,2,-1.0,0,-1,1,0.0,0.0,0,0,0.0,0.0,0.0,0.0,0.0,0.0,0.0,0,0,0,Fake
1,66,1,-1,1,1,1,,2113,-1,1,0.0,0.0,0,0,0.0,0.0,0.0,0.0,0.0,0.0,0.0,0,1,0,Fake
1,35,-1,1,1,1,3,0.0,0,1,1,0.0,0.0,0,0,0.0,0.0,21.608,7.143,0.0,16.216,0.0,1,0,0,Fake
1,31,-1,1,1,1,2,0.0,0,1,1,0.0,0.0,0,0,0.0,0.0,21.608,7.143,0.0,16.216,0.0,1,0,0,Fake
1,58,1,1,1,1,1,-1.0,6575,1,1,100.0,0.0,0,0,0.0,0.0,0.0,0.0,0.0,100.0,0.0,0,1,0,Fake
1,111,1,-1,1,1,2,,0,-1,1,0.0,0.0,0,0,0.0,0.0,0.0,0.0,0.0,0.0,0.0,0,0,0,Fake
-1,238,1,-1,1,-1,8,,0,-1,1,0.0,0.0,0,0,0.0,0.0,0.0,0.0,0.0,0.0,0.0,0,0,0,Fake
-1,66,-1,1,1,1,3,,4748,-1,1,100.0,0.0,0,0,0.0,100.0,1441.176,100.0,100.0,100.0,0.0,1,1,0,Fake
1,80,0,1,1,1,6,0.0,2192,0,1,0.0,0.0,0,0,0.0,0.0,0.0,0.0,0.0,0.0,0.0,0,1,0,Fake
1,17,-1,1,1,1,1,0.0,4747,1,1,0.0,0.0,0,0,0.0,0.0,30.275,100.0,0.0,100.0,0.0,1,1,0,Fake
1,32,1,1,1,1,2,-1.0,2557,-1,1,0.0,0.0,0,0,0.0,0.0,0.0,100.0,0.0,0.0,0.0,0,1,0,Fake
-1,116,-1,1,1,1,4,-1.0,1096,-1,1,100.0,0.0,0,0,0.0,0.0,100.0,100.0,100.0,100.0,0.0,1,1,0,Fake
-1,96,1,1,1,1,4,-1.0,6575,1,1,100.0,0.0,0,0,0.0,0.0,0.0,0.0,0.0,100.0,0.0,0,1,0,Fake
-1,92,1,1,1,1,3,-1.0,6575,1,1,100.0,0.0,0,0,0.0,0.0,0.0,0.0,0.0,100.0,0.0,0,1,0,Fake
-1,28,-1,1,1,1,2,1.0,731,-1,1,100.0,0.0,0,0,0.0,0.0,98.361,0.0,100.0,100.0,0.0,1,1,0,Fake
1,49,-1,1,1,1,1,-1.0,2557,-1,1,36.36,0.0,0,0,0.0,0.0,52.201,100.0,100.0,100.0,0.0,1,1,0,Fake
-1,114,-1,1,1,1,4,-1.0,1096,-1,1,100.0,0.0,0,0,0.0,0.0,100.0,100.0,100.0,100.0,0.0,1,1,0,Fake
-1,110,1,1,1,1,3,1.0,3653,1,1,100.0,0.0,0,0,0.0,0.0,100.0,0.0,0.0,100.0,50.0,1,1,0,Fake
-1,52,1,1,1,1,4,,0,1,1,0.0,0.0,0,0,0.0,0.0,0.0,0.0,0.0,100.0,0.0,0,0,0,Fake
-1,94,1,1,1,1,4,,731,1,1,100.0,0.0,0,0,0.0,0.0,200.0,100.0,100.0,100.0,0.0,1,1,0,Fake
-1,271,1,-1,1,-1,14,-1.0,6575,1,1,100.0,0.0,0,0,0.0,0.0,0.0,0.0,0.0,100.0,0.0,0,1,0,Fake
-1,146,1,1,1,1,7,1.0,3652,-1,-1,0.0,0.0,0,0,0.0,0.0,100.0,0.0,0.0,100.0,0.0,1,1,0,Fake
1,31,1,1,1,1,2,-1.0,1096,1,1,100.0,0.0,0,0,0.0,0.0,92.308,100.0,0.0,100.0,0.0,1,1,0,Fake
-1,68,1,1,1,1,2,-1.0,1826,-1,1,0.0,0.0,0,0,0.0,0.0,0.0,100.0,0.0,0.0,0.0,0,1,0,Fake
-1,69,1,1,1,1,2,-1.0,1826,-1,1,0.0,0.0,0,0,0.0,0.0,0.0,100.0,0.0,0.0,0.0,0,1,0,Fake
-1,21,-1,1,1,1,1,1.0,5113,1,1,0.0,0.0,0,0,0.0,0.0,100.0,0.0,0.0,100.0,0.0,1,1,0,Fake
1,58,1,1,1,1,1,-1.0,1826,1,1,0.0,0.0,0,0,0.0,0.0,8.772,14.583,17.857,20.69,0.0,1,1,0,Fake
-1,62,-1,1,1,1,3,,4748,-1,1,100.0,0.0,0,0,0.0,100.0,1441.176,100.0,100.0,100.0,0.0,1,1,0,Fake
-1,68,-1,1,1,1,2,-1.0,3652,-1,1,0.0,0.0,0,0,0.0,0.0,0.0,100.0,100.0,100.0,0.0,1,1,0,Fake
-1,98,-1,1,1,1,5,1.0,12417,1,1,100.0,0.0,0,0,0.0,0.0,100.0,0.0,100.0,100.0,0.0,1,1,0,Fake
-1,110,1,1,1,1,3,1.0,3653,1,1,100.0,0.0,0,0,0.0,0.0,100.0,0.0,0.0,100.0,50.0,1,1,0,Fake
-1,110,1,1,1,1,3,1.0,3653,1,1,100.0,0.0,0,0,0.0,0.0,100.0,0.0,0.0,100.0,50.0,1,1,0,Fake
-1,94,1,1,1,1,1,1.0,4025,-1,1,0.0,0.0,0,0,0.0,0.0,0.0,0.0,0.0,0.0,0.0,0,1,0,Fake
-1,95,1,1,1,1,1,1.0,4025,-1,1,0.0,0.0,0,0,0.0,0.0,0.0,0.0,0.0,0.0,0.0,0,1,0,Fake
-1,21,-1,1,1,1,1,0.0,2557,1,1,0.0,0.0,0,0,0.0,0.0,0.0,0.0,0.0,100.0,0.0,0,1,0,Fake
-1,111,-1,1,1,1,2,,11322,-1,1,100.0,0.0,0,0,0.0,0.0,200.0,0.0,100.0,100.0,0.0,1,1,0,Fake
-1,96,1,1,1,1,1,1.0,4025,-1,1,0.0,0.0,0,0,0.0,0.0,0.0,0.0,0.0,0.0,0.0,0,1,0,Fake
-1,112,1,1,1,1,2,1.0,4025,-1,1,0.0,0.0,0,0,0.0,0.0,0.0,0.0,0.0,0.0,0.0,0,1,0,Fake
-1,96,1,1,1,1,1,1.0,4025,-1,1,0.0,0.0,0,0,0.0,0.0,0.0,0.0,0.0,0.0,0.0,0,1,0,Fake
1,20,1,1,1,1,1,0.0,4018,1,1,0.0,0.0,0,0,0.0,0.0,0.0,0.0,66.667,0.0,0.0,0,1,0,Fake
1,19,1,1,1,1,1,0.0,4018,1,1,0.0,0.0,0,0,0.0,0.0,0.0,0.0,66.667,0.0,0.0,0,1,0,Fake
1,66,1,1,1,1,1,1.0,365,-1,1,0.0,0.0,0,0,0.0,0.0,0.0,100.0,0.0,0.0,0.0,0,1,0,Fake
1,65,-1,1,1,1,1,1.0,365,-1,1,0.0,0.0,0,0,0.0,0.0,0.0,100.0,0.0,0.0,0.0,0,1,0,Fake
-1,98,1,1,1,1,2,,1461,1,1,90.0,0.0,0,0,0.0,100.0,63.333,0.0,100.0,100.0,0.0,1,1,0,Fake
-1,273,-1,1,1,1,2,,0,1,1,1.59,0.0,0,0,0.0,0.0,4.812,100.0,100.0,100.0,0.0,1,0,0,Fake
1,31,-1,1,1,1,2,-1.0,365,1,1,0.0,0.0,0,0,0.0,0.0,100.0,0.0,100.0,100.0,0.0,1,1,0,Fake
-1,53,-1,1,1,1,1,-1.0,4017,-1,1,0.0,0.0,0,0,0.0,0.0,0.0,0.0,100.0,100.0,0.0,1,1,0,Fake
1,23,1,1,1,1,2,1.0,5479,-1,1,100.0,0.0,0,0,0.0,0.0,100.0,0.0,0.0,0.0,0.0,1,1,0,Fake
-1,72,1,1,1,1,3,0.0,6575,-1,1,50.0,0.0,0,0,0.0,0.0,0.0,100.0,100.0,100.0,0.0,1,1,0,Fake
-1,98,1,1,1,1,5,0.0,5843,-1,1,50.0,0.0,0,0,0.0,0.0,0.0,100.0,100.0,100.0,0.0,1,1,0,Fake
-1,91,1,1,1,1,3,-1.0,6575,1,1,100.0,0.0,0,0,0.0,0.0,0.0,0.0,0.0,100.0,0.0,0,1,0,Fake
-1,46,1,1,1,1,3,,731,-1,1,100.0,0.0,0,0,0.0,0.0,1133.333,0.0,100.0,100.0,0.0,1,1,0,Fake
1,20,1,1,1,1,1,0.0,4018,1,1,0.0,0.0,0,0,0.0,0.0,0.0,0.0,66.667,0.0,0.0,0,1,0,Fake
-1,303,0,1,1,1,2,-1.0,3653,0,1,0.0,0.0,0,0,0.0,0.0,0.0,0.0,0.0,0.0,0.0,0,1,0,Fake
-1,303,0,1,1,1,2,-1.0,3653,0,1,0.0,0.0,0,0,0.0,0.0,0.0,0.0,0.0,0.0,0.0,0,1,0,Fake
1,26,1,1,1,1,2,-1.0,1096,-1,1,0.0,0.0,0,0,0.0,0.0,0.0,0.0,0.0,0.0,0.0,0,1,0,Fake
1,57,1,1,1,1,3,-1.0,2191,1,1,0.0,0.0,0,0,0.0,0.0,0.0,0.0,0.0,100.0,0.0,0,1,0,Fake
-1,40,1,1,1,1,2,0.0,4383,-1,1,0.0,0.0,0,0,0.0,0.0,100.0,0.0,100.0,50.0,0.0,1,1,0,Fake
1,36,1,1,1,1,2,1.0,8400,-1,1,0.0,0.0,0,0,0.0,0.0,0.0,0.0,0.0,0.0,0.0,0,1,0,Fake
1,35,1,1,1,1,2,,0,1,1,0.0,0.0,0,0,0.0,0.0,85.714,0.0,52.632,33.333,0.0,1,0,0,Fake
1,54,1,1,1,1,2,-1.0,0,-1,1,100.0,0.0,0,0,0.0,0.0,100.0,100.0,100.0,100.0,0.0,1,0,0,Fake
1,19,1,1,1,1,1,-1.0,3653,-1,1,0.0,0.0,0,0,0.0,0.0,0.0,0.0,100.0,0.0,0.0,1,1,0,Fake
-1,59,1,1,1,1,2,,8035,-1,1,0.0,0.0,0,0,0.0,0.0,0.0,0.0,0.0,0.0,0.0,1,1,0,Fake
-1,103,1,1,1,1,4,-1.0,6575,1,1,100.0,0.0,0,0,0.0,0.0,0.0,0.0,0.0,100.0,0.0,0,1,0,Fake
-1,139,-1,1,1,1,4,0.0,1826,1,1,0.0,0.0,0,0,0.0,0.0,0.0,0.0,100.0,100.0,0.0,1,1,0,Fake
-1,37,-1,1,1,1,3,-1.0,3287,-1,1,0.0,0.0,0,0,0.0,0.0,0.0,0.0,0.0,100.0,0.0,1,1,0,Fake
-1,120,-1,1,1,1,4,-1.0,1096,-1,1,100.0,0.0,0,0,0.0,0.0,100.0,100.0,100.0,100.0,0.0,1,1,0,Fake
-1,119,-1,1,1,1,4,-1.0,1096,-1,1,100.0,0.0,0,0,0.0,0.0,100.0,100.0,100.0,100.0,0.0,1,1,0,Fake
-1,303,0,1,1,1,2,-1.0,3653,0,1,0.0,0.0,0,0,0.0,0.0,0.0,0.0,0.0,0.0,0.0,0,1,0,Fake
-1,295,0,1,1,1,2,-1.0,3653,0,1,0.0,0.0,0,0,0.0,0.0,0.0,0.0,0.0,0.0,0.0,0,1,0,Fake
-1,128,0,1,1,1,1,-1.0,3653,0,1,0.0,0.0,0,0,0.0,0.0,0.0,0.0,0.0,0.0,0.0,0,1,0,Fake
-1,295,0,1,1,1,2,-1.0,3653,0,1,0.0,0.0,0,0,0.0,0.0,0.0,0.0,0.0,0.0,0.0,0,1,0,Fake
-1,303,0,1,1,1,2,-1.0,3653,0,1,0.0,0.0,0,0,0.0,0.0,0.0,0.0,0.0,0.0,0.0,0,1,0,Fake
1,110,-1,-1,1,1,2,0.0,6209,1,1,0.0,0.0,0,0,0.0,100.0,31.757,18.182,11.111,47.619,0.0,1,1,0,Fake
-1,293,-1,1,1,1,3,1.0,8400,1,1,0.0,0.0,0,0,0.0,0.0,66.667,0.0,100.0,100.0,0.0,1,1,0,Fake
-1,31,1,1,1,1,2,0.0,0,1,1,100.0,0.0,0,0,0.0,0.0,0.0,100.0,100.0,100.0,0.0,0,0,0,Fake
-1,29,1,1,1,1,2,0.0,4748,1,1,0.0,0.0,0,0,0.0,0.0,0.0,0.0,100.0,100.0,0.0,0,1,0,Fake
-1,29,1,1,1,1,2,0.0,4748,1,1,0.0,0.0,0,0,0.0,0.0,0.0,0.0,100.0,100.0,0.0,0,1,0,Fake
-1,112,1,1,1,1,6,0.0,6940,-1,1,0.0,0.0,0,0,0.0,0.0,0.0,100.0,0.0,0.0,0.0,0,1,0,Fake
-1,232,1,1,1,1,3,1.0,9861,-1,1,0.0,0.0,0,0,0.0,0.0,0.0,100.0,0.0,0.0,0.0,0,1,0,Fake
1,47,1,1,1,1,2,0.0,5479,-1,1,0.0,0.0,0,0,0.0,0.0,0.0,0.0,0.0,100.0,0.0,0,1,0,Fake
1,27,1,1,1,1,1,,0,-1,1,0.0,0.0,0,0,0.0,0.0,0.0,100.0,0.0,0.0,0.0,0,0,0,Fake
-1,95,1,1,1,1,2,,0,-1,1,100.0,0.0,0,0,0.0,0.0,100.0,0.0,100.0,100.0,0.0,1,1,0,Fake
-1,94,-1,1,1,1,2,,0,-1,1,100.0,0.0,0,0,0.0,0.0,100.0,0.0,100.0,100.0,0.0,1,1,0,Fake
-1,315,-1,1,1,1,3,1.0,8400,-1,1,0.0,0.0,0,0,0.0,0.0,0.0,0.0,0.0,0.0,0.0,0,1,0,Fake
-1,29,1,1,1,1,2,0.0,4748,1,1,0.0,0.0,0,0,0.0,0.0,0.0,0.0,100.0,100.0,0.0,0,1,0,Fake
-1,82,1,1,1,1,6,0.0,3653,-1,1,50.0,0.0,0,0,0.0,0.0,0.0,100.0,100.0,100.0,0.0,1,1,0,Fake
-1,81,-1,1,1,1,6,0.0,3653,-1,1,50.0,0.0,0,0,0.0,0.0,0.0,100.0,100.0,100.0,0.0,1,1,0,Fake
1,30,-1,1,1,1,1,,0,1,1,0.0,0.0,0,0,0.0,100.0,10.345,43.75,2.0,18.605,0.0,1,0,0,Fake
-1,118,1,1,1,1,2,1.0,0,-1,1,0.0,0.0,0,0,0.0,0.0,0.0,0.0,0.0,0.0,0.0,0,0,0,Fake
1,25,1,1,1,1,2,-1.0,1096,-1,1,0.0,0.0,0,0,0.0,0.0,0.0,0.0,100.0,0.0,0.0,0,1,0,Fake
-1,265,1,1,1,1,6,,0,-1,-1,0.0,0.0,0,0,0.0,0.0,100.0,0.0,0.0,100.0,0.0,1,0,0,Fake
-1,47,-1,1,1,1,2,-1.0,4017,-1,1,0.0,0.0,0,0,0.0,0.0,0.0,0.0,100.0,100.0,0.0,0,1,0,Fake
-1,69,1,1,1,1,4,,0,-1,1,0.0,0.0,0,0,0.0,0.0,0.0,0.0,0.0,0.0,0.0,0,0,0,Fake
-1,56,1,1,1,1,3,0.0,0,-1,1,0.0,0.0,0,0,0.0,0.0,0.0,0.0,0.0,0.0,0.0,0,0,0,Fake
-1,55,1,1,1,1,3,0.0,0,-1,1,0.0,0.0,0,0,0.0,0.0,0.0,0.0,0.0,0.0,0.0,0,0,0,Fake
-1,19,1,1,1,1,1,-1.0,3653,-1,1,0.0,0.0,0,0,0.0,0.0,100.0,0.0,100.0,0.0,0.0,1,1,0,Fake
1,29,1,1,1,1,1,-1.0,3653,-1,1,0.0,0.0,0,0,0.0,0.0,0.0,0.0,100.0,0.0,0.0,1,1,0,Fake
1,32,-1,1,1,1,2,-1.0,1096,-1,1,100.0,0.0,0,0,0.0,0.0,0.0,0.0,100.0,100.0,0.0,1,1,0,Fake
1,79,1,1,1,1,3,-1.0,2927,-1,1,0.0,0.0,0,0,0.0,0.0,0.0,0.0,0.0,0.0,0.0,0,1,0,Fake
-1,105,-1,1,1,1,1,1.0,0,-1,1,0.0,0.0,0,0,0.0,0.0,0.0,0.0,100.0,100.0,0.0,1,1,0,Fake
-1,105,-1,1,1,1,1,1.0,0,-1,1,0.0,0.0,0,0,0.0,0.0,0.0,0.0,100.0,100.0,0.0,1,1,0,Fake
-1,105,-1,1,1,1,1,1.0,0,-1,1,0.0,0.0,0,0,0.0,0.0,0.0,0.0,100.0,100.0,0.0,1,1,0,Fake
1,66,-1,1,1,1,2,0.0,0,-1,1,0.0,0.0,0,0,0.0,0.0,9.639,15.094,8.333,26.667,0.0,1,0,0,Fake
1,30,-1,1,1,1,2,,0,1,1,88.24,0.0,0,0,0.0,100.0,42.975,0.0,42.105,50.0,0.0,1,0,0,Fake
1,31,1,1,1,1,2,,0,1,1,100.0,0.0,0,0,0.0,0.0,71.429,0.0,50.0,55.556,0.0,1,0,0,Fake
-1,22,0,1,1,1,3,0.0,0,0,1,0.0,0.0,0,0,0.0,0.0,0.0,0.0,0.0,0.0,0.0,0,0,0,Fake
-1,117,-1,1,1,1,4,-1.0,1096,-1,1,100.0,0.0,0,0,0.0,0.0,100.0,100.0,100.0,100.0,0.0,1,1,0,Fake
-1,132,1,1,1,1,2,1.0,8400,-1,1,0.0,0.0,0,0,0.0,0.0,0.0,0.0,0.0,0.0,0.0,0,1,0,Fake
-1,99,-1,1,1,1,2,,11322,-1,1,100.0,0.0,0,0,0.0,0.0,400.0,0.0,100.0,100.0,0.0,1,1,0,Fake
-1,113,-1,1,1,1,4,-1.0,1096,-1,1,100.0,0.0,0,0,0.0,0.0,100.0,100.0,100.0,100.0,0.0,1,1,0,Fake
-1,117,-1,1,1,1,4,-1.0,1096,-1,1,100.0,0.0,0,0,0.0,0.0,100.0,100.0,100.0,100.0,0.0,1,1,0,Fake
-1,102,1,1,1,1,6,0.0,5843,-1,1,50.0,0.0,0,0,0.0,0.0,0.0,100.0,100.0,100.0,0.0,1,1,0,Fake
-1,95,1,1,1,1,4,-1.0,6575,1,1,100.0,0.0,0,0,0.0,0.0,0.0,0.0,0.0,100.0,0.0,0,1,0,Fake
-1,76,1,1,1,1,4,0.0,6575,-1,1,50.0,0.0,0,0,0.0,0.0,0.0,100.0,100.0,100.0,0.0,1,1,0,Fake
-1,116,-1,1,1,1,4,-1.0,1096,-1,1,100.0,0.0,0,0,0.0,0.0,100.0,100.0,100.0,100.0,0.0,1,1,0,Fake
-1,479,1,1,1,1,3,,365,-1,1,100.0,0.0,0,0,0.0,0.0,100.0,0.0,100.0,100.0,0.0,1,1,0,Fake
-1,132,1,1,1,1,2,1.0,7670,1,1,0.0,0.0,0,0,0.0,0.0,93.75,100.0,100.0,100.0,0.0,1,1,0,Fake
1,52,-1,1,1,1,2,0.0,3653,1,1,13.79,0.0,0,0,0.0,100.0,10.165,0.0,10.909,18.605,0.0,1,1,0,Fake
1,80,-1,1,1,1,2,-1.0,2192,0,1,0.0,0.0,0,0,0.0,0.0,25.641,8.889,11.111,18.182,0.0,1,1,0,Fake
1,81,0,1,1,1,2,0.0,2192,0,1,0.0,0.0,0,0,0.0,0.0,0.0,0.0,0.0,0.0,0.0,0,1,0,Fake
-1,74,1,1,1,1,5,0.0,6575,-1,1,50.0,0.0,0,0,0.0,0.0,0.0,100.0,100.0,100.0,0.0,1,1,0,Fake
-1,73,-1,1,1,1,5,0.0,6575,-1,1,50.0,0.0,0,0,0.0,0.0,0.0,100.0,100.0,100.0,0.0,1,1,0,Fake
-1,75,1,1,1,1,4,0.0,6575,-1,1,50.0,0.0,0,0,0.0,0.0,0.0,100.0,100.0,100.0,0.0,1,1,0,Fake
-1,74,-1,1,1,1,4,0.0,6575,-1,1,50.0,0.0,0,0,0.0,0.0,0.0,100.0,100.0,100.0,0.0,1,1,0,Fake
-1,75,1,1,1,1,6,0.0,6575,-1,1,50.0,0.0,0,0,0.0,0.0,0.0,100.0,100.0,100.0,0.0,1,1,0,Fake
-1,74,-1,1,1,1,6,0.0,6575,-1,1,50.0,0.0,0,0,0.0,0.0,0.0,100.0,100.0,100.0,0.0,1,1,0,Fake
-1,110,1,1,1,1,6,0.0,6940,-1,1,0.0,0.0,0,0,0.0,0.0,0.0,100.0,0.0,0.0,0.0,0,1,0,Fake
-1,62,-1,1,1,1,3,0.0,3653,-1,1,50.0,0.0,0,0,0.0,0.0,0.0,100.0,100.0,100.0,0.0,1,1,0,Fake
-1,199,1,1,1,1,12,0.0,3653,-1,1,50.0,0.0,0,0,0.0,0.0,0.0,100.0,100.0,100.0,0.0,1,1,0,Fake
-1,57,1,1,1,1,4,-1.0,365,-1,1,0.0,0.0,0,0,0.0,0.0,0.0,0.0,0.0,0.0,0.0,0,1,0,Fake
-1,58,1,1,1,1,4,-1.0,365,-1,1,0.0,0.0,0,0,0.0,0.0,0.0,0.0,0.0,0.0,0.0,0,1,0,Fake
-1,218,-1,1,1,1,3,-1.0,3287,-1,1,100.0,0.0,0,0,0.0,100.0,422.727,100.0,100.0,100.0,0.0,1,1,0,Fake
-1,218,0,1,1,1,3,0.0,3287,0,1,0.0,0.0,0,0,0.0,0.0,0.0,0.0,0.0,0.0,0.0,0,1,0,Fake
-1,52,0,1,1,1,3,0.0,0,0,1,0.0,0.0,0,0,0.0,0.0,0.0,0.0,0.0,0.0,0.0,0,1,0,Fake
-1,64,1,1,1,1,3,,0,-1,1,0.0,0.0,0,0,0.0,0.0,0.0,100.0,100.0,100.0,0.0,0,0,0,Fake
-1,90,-1,1,1,1,6,0.0,3653,-1,1,50.0,0.0,0,0,0.0,0.0,0.0,100.0,100.0,100.0,0.0,1,1,0,Fake
-1,67,1,1,1,1,4,0.0,3653,-1,1,50.0,0.0,0,0,0.0,0.0,0.0,100.0,100.0,100.0,0.0,1,1,0,Fake
1,35,1,1,1,1,2,,0,1,1,0.0,0.0,0,0,0.0,0.0,85.714,0.0,52.632,33.333,0.0,1,0,0,Fake
1,22,-1,1,1,1,2,-1.0,0,-1,1,0.0,0.0,0,0,0.0,0.0,0.0,0.0,0.0,100.0,0.0,0,-1,0,Fake
1,23,-1,1,1,1,2,-1.0,0,-1,1,0.0,0.0,0,0,0.0,0.0,0.0,0.0,0.0,100.0,0.0,0,-1,0,Fake
1,61,1,1,1,1,2,-1.0,6575,1,1,100.0,0.0,0,0,0.0,0.0,0.0,0.0,0.0,100.0,0.0,0,1,0,Fake
-1,73,-1,1,1,1,4,-1.0,0,1,1,100.0,0.0,0,0,0.0,0.0,100.0,0.0,100.0,100.0,0.0,1,0,0,Fake
-1,33,-1,1,1,1,3,-1.0,0,-1,1,0.0,0.0,0,0,0.0,0.0,0.0,0.0,0.0,100.0,0.0,0,-1,0,Fake
-1,220,1,1,1,1,4,,1826,-1,1,0.0,0.0,0,0,0.0,0.0,0.0,0.0,0.0,0.0,0.0,0,1,0,Fake
1,32,1,1,1,1,1,,365,-1,1,100.0,0.0,0,0,0.0,0.0,100.0,0.0,100.0,100.0,0.0,1,1,0,Fake
-1,50,0,1,1,1,2,0.0,3287,0,1,0.0,0.0,0,0,0.0,0.0,0.0,0.0,0.0,0.0,0.0,0,0,0,Fake
-1,216,0,1,1,1,2,0.0,3287,0,1,0.0,0.0,0,0,0.0,0.0,0.0,0.0,0.0,0.0,0.0,0,1,0,Fake
-1,50,0,1,1,1,2,0.0,3287,0,1,0.0,0.0,0,0,0.0,0.0,0.0,0.0,0.0,0.0,0.0,0,1,0,Fake
-1,216,0,1,1,1,2,0.0,3287,0,1,0.0,0.0,0,0,0.0,0.0,0.0,0.0,0.0,0.0,0.0,0,1,0,Fake
-1,216,0,1,1,1,2,0.0,3287,0,1,0.0,0.0,0,0,0.0,0.0,0.0,0.0,0.0,0.0,0.0,0,1,0,Fake
-1,50,-1,1,1,1,2,-1.0,0,-1,1,0.0,0.0,0,0,0.0,0.0,0.0,0.0,0.0,0.0,0.0,0,0,0,Fake
-1,126,1,1,1,1,3,0.0,2192,-1,1,100.0,100.0,0,0,0.0,0.0,76.0,100.0,100.0,100.0,0.0,1,1,0,Fake
-1,126,1,1,1,1,3,0.0,2192,-1,1,100.0,100.0,0,0,0.0,0.0,76.0,100.0,100.0,100.0,0.0,1,1,0,Fake
1,29,1,1,1,1,1,,1461,1,1,100.0,0.0,0,0,0.0,0.0,22.394,100.0,88.889,100.0,0.0,1,1,0,Fake
-1,138,1,1,1,1,8,0.0,6940,-1,1,0.0,0.0,0,0,0.0,100.0,0.0,0.0,0.0,0.0,0.0,0,1,0,Fake
1,52,1,1,1,1,2,-1.0,6939,-1,1,100.0,0.0,0,0,0.0,100.0,100.0,0.0,100.0,100.0,0.0,1,1,0,Fake
1,50,1,1,1,1,2,-1.0,6939,-1,1,100.0,0.0,0,0,0.0,100.0,100.0,0.0,100.0,100.0,0.0,1,1,0,Fake
1,70,-1,1,1,1,1,1.0,365,-1,1,0.0,0.0,0,0,0.0,0.0,0.0,100.0,0.0,0.0,0.0,0,1,0,Fake
-1,137,1,1,1,1,4,,1826,-1,1,0.0,0.0,0,0,0.0,0.0,0.0,0.0,0.0,0.0,0.0,0,1,0,Fake
1,43,1,1,1,1,2,0.0,0,-1,1,47.37,0.0,0,0,0.0,100.0,15.584,21.429,66.667,25.0,0.0,1,0,0,Fake
1,27,1,1,1,1,1,-1.0,3653,-1,1,0.0,0.0,0,0,0.0,0.0,0.0,0.0,100.0,0.0,0.0,1,1,0,Fake
1,54,-1,1,1,1,1,,0,1,1,0.0,0.0,0,0,0.0,0.0,7.273,58.333,87.5,35.0,0.0,1,0,0,Fake
1,30,-1,1,1,1,1,,730,1,1,12.5,0.0,0,0,0.0,0.0,21.053,28.025,39.583,40.909,0.0,1,1,0,Fake
1,82,1,1,1,1,2,,0,-1,1,0.0,0.0,0,0,0.0,0.0,100.0,0.0,0.0,0.0,0.0,1,1,0,Fake
1,71,1,1,1,1,1,1.0,365,-1,1,0.0,0.0,0,0,0.0,0.0,0.0,100.0,0.0,0.0,0.0,0,1,0,Fake
-1,671,-1,1,1,1,8,,1461,-1,-1,0.0,0.0,0,0,0.0,0.0,0.0,0.0,0.0,0.0,0.0,0,1,0,Fake
-1,524,-1,1,1,1,4,,1461,-1,1,0.0,0.0,0,0,0.0,0.0,0.0,0.0,0.0,0.0,0.0,0,1,0,Fake
1,46,1,1,1,1,2,-1.0,0,-1,1,100.0,0.0,0,0,0.0,0.0,100.0,100.0,100.0,100.0,0.0,1,0,0,Fake
1,41,-1,1,1,1,1,0.0,1461,1,1,100.0,0.0,0,0,0.0,0.0,100.0,100.0,100.0,100.0,0.0,1,1,0,Fake
-1,55,-1,1,1,1,2,1.0,5872,1,1,100.0,0.0,0,0,0.0,0.0,97.826,0.0,0.0,100.0,0.0,1,1,0,Fake
-1,127,1,1,1,1,3,0.0,2192,-1,1,100.0,0.0,0,0,0.0,0.0,100.0,100.0,100.0,100.0,0.0,1,1,0,Fake
-1,98,1,1,-1,1,6,1.0,0,-1,1,0.0,0.0,0,0,0.0,0.0,0.0,0.0,100.0,0.0,0.0,0,1,0,Fake
1,54,-1,1,1,1,1,,2922,1,1,0.0,0.0,0,0,0.0,0.0,7.273,58.333,87.5,35.0,0.0,1,1,0,Fake
1,55,-1,1,1,1,1,,0,1,1,0.0,0.0,0,0,0.0,0.0,7.273,58.333,87.5,35.0,0.0,1,1,0,Fake
-1,128,1,-1,1,-1,4,0.0,2192,1,1,100.0,0.0,0,0,0.0,0.0,100.0,0.0,0.0,100.0,0.0,1,1,0,Fake
-1,60,1,1,1,1,3,0.0,0,-1,1,0.0,0.0,0,0,0.0,0.0,0.0,0.0,0.0,0.0,0.0,0,0,0,Fake
-1,59,1,1,1,1,3,0.0,0,-1,1,0.0,0.0,0,0,0.0,0.0,0.0,0.0,0.0,0.0,0.0,0,0,0,Fake
-1,528,-1,1,1,1,4,,1461,-1,1,0.0,0.0,0,0,0.0,0.0,0.0,0.0,0.0,0.0,0.0,0,1,0,Fake
-1,24,-1,1,1,1,1,0.0,4018,1,1,0.0,0.0,0,0,0.0,100.0,18.182,100.0,100.0,100.0,0.0,1,1,0,Fake
1,22,1,1,1,1,2,0.0,0,-1,1,100.0,0.0,0,0,0.0,0.0,96.875,0.0,0.0,0.0,0.0,1,0,0,Fake
-1,524,-1,1,1,1,4,,1461,-1,1,0.0,0.0,0,0,0.0,0.0,0.0,0.0,0.0,0.0,0.0,0,1,0,Fake
1,128,-1,1,-1,1,2,,0,-1,1,0.0,0.0,0,0,0.0,0.0,0.0,100.0,0.0,0.0,0.0,0,0,0,Fake
1,54,-1,1,1,1,1,1.0,5872,1,1,100.0,0.0,0,0,0.0,0.0,93.617,0.0,0.0,100.0,0.0,1,1,0,Fake
-1,25,1,1,1,1,1,0.0,365,1,1,0.0,0.0,0,0,0.0,0.0,100.0,0.0,100.0,100.0,0.0,1,1,0,Fake
1,69,1,1,1,1,1,-1.0,0,-1,1,0.0,0.0,0,0,0.0,0.0,0.0,100.0,0.0,0.0,0.0,0,0,0,Fake
-1,169,1,1,1,1,3,,1096,-1,1,0.0,0.0,0,0,0.0,0.0,0.0,0.0,0.0,0.0,0.0,0,1,0,Fake
1,27,1,1,1,1,1,1.0,1461,-1,1,100.0,0.0,0,0,0.0,100.0,100.0,0.0,100.0,100.0,0.0,1,1,0,Fake
1,26,-1,1,1,1,1,1.0,1461,-1,1,100.0,0.0,0,0,0.0,100.0,100.0,0.0,100.0,100.0,0.0,1,1,0,Fake
1,44,1,1,1,1,2,1.0,0,-1,1,0.0,0.0,0,0,0.0,0.0,0.0,0.0,0.0,0.0,0.0,0,0,0,Fake
-1,57,1,1,1,1,6,0.0,4748,1,1,0.0,0.0,0,0,0.0,0.0,0.0,0.0,100.0,100.0,0.0,0,1,0,Fake
-1,149,1,1,1,1,4,1.0,7670,-1,1,0.0,0.0,0,0,0.0,0.0,0.0,0.0,0.0,0.0,0.0,0,1,0,Fake
-1,132,1,1,1,1,2,1.0,0,1,1,0.0,0.0,0,0,0.0,0.0,93.75,100.0,100.0,83.333,0.0,1,1,0,Fake
-1,73,-1,1,1,1,4,1.0,0,1,1,0.0,0.0,0,0,0.0,0.0,83.333,100.0,100.0,100.0,0.0,1,0,0,Fake
-1,71,1,1,1,1,1,,2191,-1,1,0.0,0.0,0,0,0.0,0.0,100.0,0.0,0.0,100.0,0.0,1,1,0,Fake
1,79,1,1,1,1,3,-1.0,2927,-1,1,0.0,0.0,0,0,0.0,0.0,0.0,0.0,0.0,0.0,0.0,0,1,0,Fake
-1,30,1,1,1,1,3,0.0,0,-1,1,100.0,0.0,0,0,0.0,0.0,100.0,0.0,0.0,0.0,0.0,1,0,0,Fake
1,38,1,1,1,1,2,0.0,0,-1,1,100.0,0.0,0,0,0.0,0.0,100.0,0.0,0.0,0.0,0.0,1,0,0,Fake
-1,100,1,1,1,1,4,-1.0,6575,1,1,100.0,0.0,0,0,0.0,0.0,0.0,0.0,0.0,100.0,0.0,0,1,0,Fake
-1,110,1,1,1,1,6,0.0,5479,-1,1,0.0,0.0,0,0,0.0,0.0,0.0,100.0,0.0,0.0,0.0,0,1,0,Fake
-1,109,-1,1,1,1,6,0.0,5479,-1,1,0.0,0.0,0,0,0.0,0.0,0.0,100.0,0.0,0.0,0.0,0,1,0,Fake
-1,121,1,1,-1,1,7,0.0,10227,-1,1,0.0,0.0,0,0,0.0,0.0,0.0,100.0,0.0,0.0,0.0,0,1,0,Fake
-1,120,1,1,1,1,7,0.0,6940,-1,1,0.0,0.0,0,0,0.0,0.0,0.0,100.0,0.0,0.0,0.0,0,1,0,Fake
-1,52,-1,1,1,1,2,,0,-1,1,0.0,0.0,0,0,0.0,0.0,125.714,0.0,100.0,100.0,0.0,1,-1,0,Fake
-1,724,-1,1,1,1,3,1.0,4383,1,1,0.0,0.0,0,0,0.0,0.0,66.667,0.0,100.0,100.0,0.0,1,1,0,Fake
-1,71,1,1,1,1,4,,0,-1,1,0.0,0.0,0,0,0.0,0.0,0.0,0.0,0.0,0.0,0.0,0,0,0,Fake
1,51,1,1,1,1,1,-1.0,4747,-1,1,0.0,0.0,0,0,0.0,0.0,0.0,0.0,0.0,0.0,0.0,0,1,0,Fake
-1,26,1,1,1,1,3,0.0,6209,-1,1,0.0,0.0,0,0,0.0,0.0,100.0,0.0,0.0,100.0,0.0,1,1,0,Fake
-1,183,1,1,1,1,4,,1826,-1,1,0.0,0.0,0,0,0.0,0.0,0.0,0.0,0.0,0.0,0.0,0,1,0,Fake
1,33,1,1,1,1,2,1.0,0,-1,1,93.75,0.0,0,0,0.0,0.0,98.113,0.0,0.0,100.0,0.0,1,1,0,Fake
-1,220,1,1,1,1,4,,1826,-1,1,0.0,0.0,0,0,0.0,0.0,0.0,0.0,0.0,0.0,0.0,0,1,0,Fake
1,24,1,1,1,1,2,0.0,0,-1,1,100.0,0.0,0,0,0.0,0.0,100.0,50.0,100.0,100.0,0.0,1,0,0,Fake
1,64,-1,1,1,1,1,-1.0,1096,-1,1,0.0,0.0,0,0,0.0,0.0,0.0,100.0,0.0,0.0,0.0,0,1,0,Fake
1,63,-1,1,1,1,1,-1.0,1096,-1,1,0.0,0.0,0,0,0.0,0.0,0.0,100.0,0.0,0.0,0.0,0,1,0,Fake
-1,31,1,1,1,1,3,0.0,0,-1,1,0.0,0.0,0,0,0.0,0.0,0.0,0.0,0.0,0.0,0.0,0,0,0,Fake
1,64,1,1,1,1,1,-1.0,1096,-1,1,0.0,0.0,0,0,0.0,0.0,0.0,100.0,0.0,0.0,0.0,0,1,0,Fake
1,80,1,1,1,1,1,1.0,1096,-1,1,0.0,0.0,0,0,0.0,0.0,0.0,100.0,0.0,0.0,0.0,0,1,0,Fake
1,80,1,1,1,1,1,0.0,1461,1,1,0.0,0.0,0,0,0.0,0.0,100.0,0.0,100.0,100.0,0.0,1,1,0,Fake
-1,55,1,1,1,1,3,,0,-1,1,0.0,0.0,0,0,0.0,0.0,0.0,100.0,100.0,100.0,0.0,0,0,0,Fake
1,32,-1,1,1,1,2,,4018,1,1,0.0,0.0,0,0,0.0,0.0,8.621,10.714,0.0,11.111,0.0,1,0,0,Fake
1,32,0,1,1,1,1,,731,0,1,0.0,0.0,0,0,0.0,0.0,0.0,0.0,0.0,0.0,0.0,0,0,0,Fake
-1,36,-1,1,1,1,2,1.0,0,1,1,0.0,0.0,0,0,0.0,0.0,150.0,0.0,0.0,100.0,0.0,1,-1,0,Fake
-1,38,1,1,1,1,1,0.0,731,1,1,0.0,0.0,0,0,0.0,0.0,200.0,100.0,100.0,100.0,0.0,1,1,0,Fake
1,78,1,1,1,1,2,0.0,0,-1,1,0.0,0.0,0,0,0.0,0.0,0.0,0.0,0.0,0.0,0.0,0,0,0,Fake
1,79,1,1,1,1,2,0.0,0,-1,1,0.0,0.0,0,0,0.0,0.0,0.0,0.0,0.0,0.0,0.0,0,0,0,Fake
-1,20,1,1,1,1,2,-1.0,6209,-1,1,0.0,0.0,0,0,0.0,100.0,200.0,0.0,100.0,100.0,0.0,1,1,0,Fake
-1,25,1,1,1,1,2,,4748,-1,1,0.0,0.0,0,0,0.0,0.0,60.0,0.0,100.0,66.667,0.0,1,1,0,Fake
1,80,1,1,1,1,1,1.0,1096,-1,1,0.0,0.0,0,0,0.0,0.0,0.0,100.0,0.0,0.0,0.0,0,1,0,Fake
-1,26,1,1,1,1,1,-1.0,3653,-1,1,0.0,0.0,0,0,0.0,0.0,100.0,0.0,100.0,0.0,0.0,1,1,0,Fake
-1,22,1,1,1,1,3,0.0,0,1,1,0.0,0.0,0,0,0.0,0.0,0.0,0.0,0.0,0.0,0.0,0,0,0,Fake
1,106,0,1,1,1,2,0.0,0,0,1,0.0,0.0,0,0,0.0,0.0,0.0,0.0,0.0,0.0,0.0,0,0,0,Fake
-1,99,1,1,1,1,2,,0,1,1,0.0,0.0,0,0,0.0,0.0,100.0,0.0,0.0,100.0,0.0,1,1,0,Fake
1,54,1,1,1,1,3,,2192,1,1,0.0,0.0,0,0,0.0,0.0,50.0,100.0,0.0,100.0,0.0,1,1,0,Fake
1,51,1,1,1,1,1,,1461,-1,1,0.0,0.0,0,0,0.0,0.0,0.0,0.0,0.0,0.0,0.0,0,1,0,Fake
1,41,1,1,1,1,1,-1.0,731,1,1,100.0,0.0,0,0,0.0,100.0,98.722,100.0,100.0,77.778,0.0,1,1,0,Fake
-1,67,1,1,1,1,2,0.0,0,1,1,0.0,0.0,0,0,0.0,0.0,100.0,0.0,100.0,100.0,0.0,1,0,0,Fake
-1,235,1,1,1,1,4,-1.0,2192,-1,1,100.0,0.0,0,0,0.0,100.0,88.889,0.0,100.0,100.0,0.0,1,1,0,Fake
1,58,1,1,1,1,1,,1461,-1,1,0.0,0.0,0,0,0.0,0.0,0.0,0.0,0.0,0.0,0.0,0,1,0,Fake
-1,76,1,-1,1,-1,2,,1461,-1,1,0.0,0.0,0,0,0.0,0.0,0.0,0.0,0.0,0.0,0.0,0,1,0,Fake
-1,67,1,1,1,1,2,0.0,0,1,1,0.0,0.0,0,0,0.0,0.0,100.0,0.0,100.0,100.0,0.0,1,0,0,Fake
1,36,1,1,1,1,2,0.0,0,1,1,0.0,0.0,0,0,0.0,0.0,100.0,0.0,100.0,100.0,0.0,1,0,0,Fake
-1,163,-1,1,1,1,4,1.0,5113,-1,-1,100.0,0.0,0,0,0.0,0.0,100.0,0.0,0.0,100.0,0.0,1,1,0,Fake
1,35,1,1,1,1,2,0.0,0,1,1,0.0,0.0,0,0,0.0,0.0,100.0,0.0,100.0,100.0,0.0,1,0,0,Fake
-1,47,1,1,1,1,3,1.0,2191,-1,1,100.0,0.0,0,0,0.0,0.0,100.0,0.0,100.0,0.0,0.0,1,1,0,Fake
1,45,1,1,1,1,1,-1.0,1096,-1,1,100.0,0.0,0,0,0.0,100.0,100.0,0.0,100.0,100.0,0.0,1,1,0,Fake
1,62,-1,1,1,1,1,-1.0,0,-1,1,0.0,0.0,0,0,0.0,0.0,0.0,0.0,0.0,0.0,0.0,0,0,0,Fake
1,59,1,1,1,1,1,,2556,-1,1,100.0,0.0,0,0,0.0,0.0,100.0,0.0,0.0,100.0,0.0,1,1,0,Fake
1,63,1,1,1,1,1,-1.0,0,-1,1,0.0,0.0,0,0,0.0,0.0,0.0,0.0,0.0,0.0,0.0,0,0,0,Fake
1,111,1,-1,1,1,2,0.0,5114,-1,1,100.0,0.0,0,0,0.0,0.0,0.0,0.0,0.0,100.0,0.0,0,1,0,Fake
-1,24,-1,1,1,1,1,0.0,8035,-1,1,100.0,0.0,0,0,0.0,0.0,100.0,100.0,100.0,100.0,0.0,1,1,0,Fake
1,53,1,1,1,1,2,0.0,4748,1,1,0.0,0.0,0,0,0.0,0.0,0.0,0.0,0.0,100.0,0.0,0,1,0,Fake
1,126,1,1,1,1,2,-1.0,731,-1,1,100.0,0.0,0,0,0.0,0.0,0.0,0.0,0.0,0.0,0.0,0,1,0,Fake
-1,52,1,1,1,1,2,,11322,1,1,0.0,0.0,0,0,0.0,0.0,50.0,100.0,100.0,100.0,0.0,1,1,0,Fake
1,125,1,1,1,1,2,-1.0,731,-1,1,100.0,0.0,0,0,0.0,0.0,0.0,0.0,0.0,0.0,0.0,0,1,0,Fake
1,125,1,1,1,1,2,-1.0,731,-1,1,100.0,0.0,0,0,0.0,0.0,0.0,0.0,0.0,0.0,0.0,0,1,0,Fake
1,32,1,1,1,1,1,-1.0,0,-1,1,66.67,0.0,0,0,0.0,0.0,80.0,0.0,100.0,100.0,0.0,1,0,0,Fake
1,31,-1,1,1,1,1,-1.0,0,-1,1,66.67,0.0,0,0,0.0,0.0,80.0,0.0,100.0,100.0,0.0,1,0,0,Fake
-1,99,-1,1,1,1,2,,11322,-1,1,100.0,0.0,0,0,0.0,0.0,400.0,0.0,100.0,100.0,0.0,1,1,0,Fake
-1,113,-1,1,1,1,2,,11322,-1,1,100.0,0.0,0,0,0.0,0.0,400.0,0.0,100.0,100.0,0.0,1,1,0,Fake
1,126,1,1,1,1,2,-1.0,731,-1,1,100.0,0.0,0,0,0.0,0.0,0.0,0.0,0.0,0.0,0.0,0,1,0,Fake
-1,58,1,1,1,1,1,,365,-1,1,0.0,0.0,0,0,0.0,0.0,0.0,0.0,0.0,0.0,0.0,0,1,0,Fake
1,32,1,1,1,1,2,,1096,1,1,25.0,0.0,0,0,0.0,0.0,17.857,0.0,0.0,57.143,0.0,1,1,0,Fake
1,33,1,1,1,1,2,,1096,1,1,25.0,0.0,0,0,0.0,0.0,17.857,0.0,0.0,57.143,0.0,1,1,0,Fake
-1,34,1,1,1,1,2,,0,1,1,0.0,0.0,0,0,0.0,0.0,0.0,50.0,44.444,55.556,0.0,0,0,0,Fake
-1,33,-1,1,1,1,2,,0,-1,1,0.0,0.0,0,0,0.0,0.0,0.0,100.0,100.0,100.0,0.0,0,0,0,Fake
-1,35,1,1,1,1,2,,0,1,1,0.0,0.0,0,0,0.0,0.0,0.0,50.0,44.444,55.556,0.0,0,0,0,Fake
1,83,1,1,1,1,3,-1.0,2927,-1,1,0.0,0.0,0,0,0.0,0.0,0.0,0.0,0.0,0.0,0.0,0,1,0,Fake
1,32,-1,1,1,1,1,-1.0,2192,1,1,0.48,0.0,0,0,0.0,0.0,1.744,30.435,15.625,17.647,0.0,1,1,0,Fake
-1,33,1,1,1,1,2,0.0,4383,-1,1,0.0,0.0,0,0,0.0,0.0,0.0,0.0,100.0,0.0,0.0,0,1,0,Fake
-1,24,-1,1,1,1,1,0.0,4018,1,1,0.0,0.0,0,0,0.0,100.0,18.182,100.0,100.0,100.0,0.0,1,1,0,Fake
-1,21,1,1,1,1,1,-1.0,3653,-1,1,0.0,0.0,0,0,0.0,0.0,100.0,0.0,100.0,0.0,0.0,1,1,0,Fake
1,30,1,1,1,1,2,,0,1,1,0.0,0.0,0,0,0.0,0.0,85.714,0.0,52.632,33.333,0.0,1,0,0,Fake
1,19,1,1,1,1,1,-1.0,3653,-1,1,0.0,0.0,0,0,0.0,0.0,0.0,0.0,100.0,0.0,0.0,1,1,0,Fake
-1,46,-1,1,1,1,2,,11322,-1,1,100.0,0.0,0,0,0.0,0.0,0.0,0.0,0.0,0.0,0.0,-1,1,0,Fake
-1,23,1,1,1,1,1,,0,-1,1,0.0,0.0,0,0,0.0,0.0,50.0,0.0,0.0,0.0,0.0,-1,0,0,Fake
-1,49,1,1,1,1,3,0.0,4748,1,1,0.0,0.0,0,0,0.0,0.0,0.0,0.0,100.0,100.0,0.0,0,1,0,Fake
1,45,-1,1,1,1,4,-1.0,1461,-1,1,50.0,0.0,0,0,0.0,0.0,0.0,0.0,0.0,0.0,0.0,1,1,0,Fake
1,38,1,1,1,1,2,,0,1,1,0.0,0.0,0,0,0.0,0.0,85.714,0.0,52.632,33.333,0.0,1,0,0,Fake
1,34,1,1,1,1,2,,0,1,1,0.0,0.0,0,0,0.0,0.0,85.714,0.0,52.632,33.333,0.0,1,0,0,Fake
1,21,-1,1,1,1,1,1.0,5113,1,1,0.0,0.0,0,0,0.0,0.0,66.667,0.0,0.0,100.0,0.0,1,1,0,Fake
-1,118,1,-1,-1,-1,5,-1.0,365,-1,1,0.0,0.0,0,0,0.0,0.0,0.0,0.0,100.0,0.0,0.0,0,1,0,Fake
-1,99,-1,1,1,1,2,,11322,-1,1,100.0,0.0,0,0,0.0,0.0,400.0,0.0,100.0,100.0,0.0,1,1,0,Fake
-1,32,1,1,1,1,1,,731,-1,1,0.0,0.0,0,0,0.0,0.0,0.0,0.0,0.0,0.0,0.0,0,1,0,Fake
-1,33,1,1,1,1,1,,731,-1,1,0.0,0.0,0,0,0.0,0.0,0.0,0.0,0.0,0.0,0.0,0,1,0,Fake
1,32,1,1,1,1,2,,4748,-1,1,0.0,0.0,0,0,0.0,0.0,0.0,0.0,0.0,0.0,0.0,0,1,0,Fake
-1,28,0,1,1,1,1,0.0,2922,0,1,0.0,0.0,0,0,0.0,0.0,0.0,0.0,0.0,0.0,0.0,0,1,0,Fake
-1,27,0,1,1,1,1,0.0,2922,0,1,0.0,0.0,0,0,0.0,0.0,0.0,0.0,0.0,0.0,0.0,0,1,0,Fake
1,60,-1,1,1,1,1,-1.0,5844,1,1,0.0,0.0,0,0,0.0,0.0,66.667,15.625,31.25,22.222,0.0,1,1,0,Fake
1,35,1,1,1,1,1,-1.0,0,1,1,100.0,0.0,0,0,0.0,0.0,100.0,0.0,90.909,100.0,0.0,1,0,0,Fake
-1,68,-1,1,1,1,1,,2557,-1,1,100.0,0.0,0,0,0.0,0.0,0.0,100.0,0.0,100.0,0.0,0,1,0,Fake
-1,69,1,1,1,1,1,,2557,-1,1,100.0,0.0,0,0,0.0,0.0,0.0,100.0,0.0,100.0,0.0,0,1,0,Fake
1,42,-1,1,1,1,2,1.0,0,-1,1,0.0,0.0,0,0,0.0,0.0,125.714,0.0,100.0,100.0,0.0,1,-1,0,Fake
1,48,-1,1,1,1,2,-1.0,3287,1,1,100.0,0.0,0,0,0.0,0.0,85.714,0.0,0.0,100.0,0.0,1,1,0,Fake
-1,275,1,-1,1,-1,6,,0,1,1,100.0,0.0,0,0,0.0,0.0,100.0,0.0,100.0,100.0,0.0,1,0,0,Fake
1,72,1,1,1,1,2,1.0,1096,-1,1,0.0,0.0,0,0,0.0,0.0,0.0,100.0,0.0,0.0,0.0,0,1,0,Fake
1,71,-1,1,1,1,2,1.0,1096,-1,1,0.0,0.0,0,0,0.0,0.0,0.0,100.0,0.0,0.0,0.0,0,1,0,Fake
-1,147,-1,1,1,1,3,1.0,8400,1,1,57.14,0.0,0,0,0.0,100.0,91.62,100.0,100.0,100.0,0.0,1,1,0,Fake
1,110,1,-1,1,1,2,0.0,5114,-1,1,100.0,0.0,0,0,0.0,0.0,0.0,0.0,0.0,100.0,0.0,0,1,0,Fake
-1,34,1,1,1,1,2,-1.0,1096,-1,1,100.0,0.0,0,0,0.0,0.0,0.0,0.0,100.0,100.0,0.0,0,1,0,Fake
-1,140,1,1,1,1,2,,4748,-1,1,0.0,0.0,0,0,0.0,0.0,0.0,0.0,0.0,0.0,0.0,0,1,0,Fake
-1,38,1,1,1,1,1,-1.0,0,-1,1,66.67,0.0,0,0,0.0,0.0,95.349,100.0,100.0,100.0,0.0,1,0,0,Fake
