Having_IP_Address,URL_Length,Shortening_Service,Having_At_Symbol,Double_Slash_Redirecting,Prefix_Suffix,Having_Sub_Domain,SSLfinal_State,Domain_registeration_length,Favicon,HTTPS_Token,PctImageTags,PctAudioTags,PctVideoTags,PctTrackTags,PctSourceTags,PctIframeTags,URL_of_Anchor,PctMetaTags,PctScriptTags,PctLinkTags,SFH,Submit_to_Email,Abnormal Url,Port
-1,100,1,1,1,1,3,-1.0,1461,-1,1,100.0,0.0,0.0,0,0.0,0.0,100.0,100.0,0.0,100.0,0.0,1,1,0
-1,100,1,1,1,1,3,-1.0,1461,-1,1,100.0,0.0,0.0,0,0.0,0.0,100.0,100.0,0.0,100.0,0.0,1,1,0
-1,100,1,1,1,1,3,-1.0,1461,-1,1,100.0,0.0,0.0,0,0.0,0.0,100.0,100.0,0.0,100.0,0.0,1,1,0
-1,100,1,1,1,1,3,-1.0,1461,-1,1,100.0,0.0,0.0,0,0.0,0.0,100.0,100.0,0.0,100.0,0.0,1,1,0
-1,100,1,1,1,1,3,-1.0,1461,-1,1,100.0,0.0,0.0,0,0.0,0.0,100.0,100.0,0.0,100.0,0.0,1,1,0
-1,100,1,1,1,1,3,-1.0,1461,-1,1,100.0,0.0,0.0,0,0.0,0.0,100.0,100.0,0.0,100.0,0.0,1,1,0
-1,100,1,1,1,1,3,-1.0,1461,-1,1,100.0,0.0,0.0,0,0.0,0.0,100.0,100.0,0.0,100.0,0.0,1,1,0
-1,100,1,1,1,1,3,-1.0,1461,-1,1,100.0,0.0,0.0,0,0.0,0.0,100.0,100.0,0.0,100.0,0.0,1,1,0
-1,100,1,1,1,1,3,-1.0,1461,-1,1,100.0,0.0,0.0,0,0.0,0.0,100.0,100.0,0.0,100.0,0.0,1,1,0
-1,63,1,1,1,1,3,-1.0,730,-1,1,100.0,0.0,0.0,0,0.0,0.0,100.0,0.0,100.0,100.0,0.0,1,1,0
1,46,1,1,1,1,1,,365,-1,1,0.0,0.0,0.0,0,0.0,0.0,0.0,0.0,0.0,0.0,0.0,0,1,0
1,45,1,1,1,1,1,,365,-1,1,0.0,0.0,0.0,0,0.0,0.0,0.0,0.0,0.0,0.0,0.0,0,1,0
-1,218,1,1,1,1,3,,1096,-1,1,0.0,0.0,0.0,0,0.0,0.0,0.0,0.0,0.0,0.0,0.0,0,1,0
-1,126,1,1,1,1,2,1.0,8400,-1,1,0.0,0.0,0.0,0,0.0,0.0,0.0,0.0,0.0,0.0,0.0,0,1,0
-1,46,1,1,1,1,2,,730,-1,1,0.0,0.0,0.0,0,0.0,0.0,100.0,0.0,0.0,100.0,0.0,1,1,0
1,25,-1,1,1,1,1,,0,-1,1,0.0,0.0,0.0,0,0.0,0.0,0.0,0.0,0.0,100.0,0.0,-1,0,0
1,24,-1,1,1,1,2,-1.0,1460,1,1,0.0,0.0,0.0,0,0.0,0.0,6.087,22.297,28.571,0.0,0.0,1,1,0
-1,512,1,-1,1,-1,24,0.0,0,-1,-1,0.0,0.0,0.0,0,0.0,0.0,0.0,0.0,0.0,0.0,0.0,0,0,0
-1,107,1,1,1,1,2,,731,-1,1,0.0,0.0,0.0,0,0.0,0.0,0.0,0.0,0.0,0.0,0.0,0,1,0
-1,82,1,1,1,1,3,,365,-1,1,0.0,0.0,0.0,0,0.0,0.0,0.0,0.0,0.0,0.0,0.0,0,1,0
-1,232,1,1,1,1,6,-1.0,4748,1,1,0.0,0.0,0.0,0,0.0,0.0,0.0,0.0,0.0,0.0,0.0,0,1,0
-1,107,1,1,1,1,2,,731,-1,1,0.0,0.0,0.0,0,0.0,0.0,0.0,0.0,0.0,0.0,0.0,0,1,0
1,34,1,1,1,1,1,,0,-1,1,0.0,0.0,0.0,0,0.0,0.0,0.0,0.0,100.0,100.0,0.0,0,0,0
1,43,1,1,1,1,1,,0,-1,1,0.0,0.0,0.0,0,0.0,0.0,0.0,0.0,100.0,100.0,0.0,0,0,0
1,35,1,1,1,1,1,,0,-1,1,0.0,0.0,0.0,0,0.0,0.0,0.0,0.0,100.0,100.0,0.0,0,0,0
1,26,1,1,1,1,1,,0,-1,1,0.0,0.0,0.0,0,0.0,0.0,0.0,0.0,100.0,100.0,0.0,0,0,0
-1,156,1,1,1,1,2,-1.0,731,-1,1,100.0,0.0,0.0,0,0.0,0.0,100.0,0.0,100.0,100.0,0.0,1,1,0
1,40,1,1,1,1,1,-1.0,731,-1,1,0.0,0.0,0.0,0,0.0,0.0,0.0,0.0,0.0,0.0,0.0,0,1,0
-1,69,-1,1,1,1,4,-1.0,730,-1,1,100.0,0.0,0.0,0,0.0,0.0,100.0,0.0,100.0,100.0,0.0,1,1,0
-1,108,1,1,1,1,2,,731,-1,1,0.0,0.0,0.0,0,0.0,0.0,0.0,0.0,0.0,0.0,0.0,0,1,0
-1,106,1,1,1,1,2,,731,-1,1,0.0,0.0,0.0,0,0.0,0.0,0.0,0.0,0.0,0.0,0.0,0,1,0
1,47,1,1,1,1,2,,0,-1,1,0.0,0.0,0.0,0,0.0,0.0,0.0,0.0,100.0,100.0,0.0,0,0,0
1,40,1,1,1,1,2,,0,-1,1,0.0,0.0,0.0,0,0.0,0.0,0.0,0.0,0.0,0.0,0.0,0,0,0
1,39,1,1,1,1,2,,0,-1,1,0.0,0.0,0.0,0,0.0,0.0,0.0,0.0,0.0,0.0,0.0,0,0,0
1,49,0,1,1,1,3,0.0,365,0,1,0.0,0.0,0.0,0,0.0,0.0,0.0,0.0,0.0,0.0,0.0,0,1,0
-1,179,-1,1,1,1,5,-1.0,365,-1,1,0.0,0.0,0.0,0,0.0,0.0,0.0,0.0,0.0,0.0,0.0,0,1,0
-1,120,1,1,1,1,2,-1.0,1461,-1,1,100.0,0.0,0.0,0,0.0,0.0,100.0,0.0,100.0,100.0,0.0,1,1,0
-1,128,1,1,1,1,2,-1.0,1461,-1,1,100.0,0.0,0.0,0,0.0,0.0,100.0,0.0,100.0,100.0,0.0,1,1,0
-1,169,1,1,1,1,2,-1.0,1461,-1,1,100.0,0.0,0.0,0,0.0,0.0,100.0,0.0,100.0,100.0,0.0,1,1,0
1,37,1,1,1,1,1,-1.0,1461,-1,1,100.0,0.0,0.0,0,0.0,0.0,100.0,0.0,100.0,100.0,0.0,1,1,0
-1,50,1,1,1,1,2,-1.0,731,-1,1,100.0,0.0,0.0,0,0.0,0.0,100.0,0.0,100.0,100.0,0.0,1,1,0
-1,160,1,1,1,1,2,-1.0,731,-1,1,100.0,0.0,0.0,0,0.0,0.0,100.0,0.0,100.0,100.0,0.0,1,1,0
1,62,1,1,1,1,1,-1.0,731,-1,1,100.0,0.0,0.0,0,0.0,0.0,100.0,0.0,100.0,100.0,0.0,1,1,0
1,61,1,1,1,1,1,-1.0,731,-1,1,100.0,0.0,0.0,0,0.0,0.0,100.0,0.0,100.0,100.0,0.0,1,1,0
-1,156,1,1,1,1,2,-1.0,731,-1,1,100.0,0.0,0.0,0,0.0,0.0,100.0,0.0,100.0,100.0,0.0,1,1,0
1,39,1,1,1,1,1,-1.0,731,-1,1,0.0,0.0,0.0,0,0.0,0.0,0.0,0.0,0.0,0.0,0.0,0,1,0
-1,30,-1,1,1,1,3,0.0,0,-1,1,0.0,0.0,0.0,0,0.0,0.0,0.0,0.0,0.0,0.0,0.0,0,0,0
1,57,1,1,1,1,1,,2192,-1,1,0.0,0.0,0.0,0,0.0,0.0,0.0,0.0,0.0,0.0,0.0,0,1,0
1,41,-1,1,1,1,2,,11322,-1,1,100.0,0.0,0.0,0,0.0,0.0,0.0,0.0,0.0,0.0,0.0,-1,1,0
-1,82,1,1,1,1,3,,365,-1,1,0.0,0.0,0.0,0,0.0,0.0,0.0,0.0,0.0,0.0,0.0,0,1,0
-1,82,1,1,1,1,3,,365,-1,1,0.0,0.0,0.0,0,0.0,0.0,0.0,0.0,0.0,0.0,0.0,0,1,0
1,53,-1,-1,1,1,2,,2922,-1,1,0.0,0.0,0.0,0,0.0,0.0,0.0,0.0,0.0,0.0,0.0,0,1,0
1,54,1,-1,1,1,2,,2922,-1,1,0.0,0.0,0.0,0,0.0,0.0,0.0,0.0,0.0,0.0,0.0,0,1,0
1,36,1,1,1,1,1,0.0,2191,1,1,0.0,0.0,0.0,0,0.0,0.0,100.0,0.0,100.0,100.0,0.0,1,1,0
-1,39,1,1,1,1,2,,0,-1,1,100.0,0.0,0.0,0,0.0,0.0,0.0,100.0,100.0,90.909,0.0,0,0,0
-1,206,0,1,1,1,1,,365,0,1,0.0,0.0,0.0,0,0.0,0.0,0.0,0.0,0.0,0.0,0.0,0,1,0
-1,125,1,1,1,1,2,,0,1,1,100.0,0.0,0.0,0,0.0,0.0,0.0,0.0,0.0,100.0,0.0,0,0,0
-1,34,-1,1,1,1,2,-1.0,0,1,1,0.0,0.0,0.0,0,0.0,0.0,100.0,100.0,100.0,21.053,0.0,1,1,0
1,41,1,1,1,1,2,-1.0,365,-1,1,0.0,0.0,0.0,0,0.0,0.0,0.0,0.0,100.0,100.0,0.0,0,1,0
-1,62,1,-1,1,-1,2,-1.0,365,-1,1,0.0,0.0,0.0,0,0.0,0.0,0.0,0.0,100.0,100.0,0.0,0,1,0
-1,63,-1,1,1,1,9,,0,-1,1,0.0,0.0,0.0,0,0.0,0.0,0.0,0.0,0.0,0.0,0.0,0,1,0
-1,38,-1,1,1,1,1,0.0,0,-1,1,0.0,0.0,0.0,0,0.0,0.0,175.0,0.0,0.0,0.0,0.0,1,-1,0
-1,43,1,1,1,1,2,0.0,0,-1,1,100.0,0.0,0.0,0,0.0,100.0,98.837,100.0,100.0,100.0,0.0,1,1,0
-1,309,1,1,1,1,2,-1.0,1461,-1,1,0.0,0.0,0.0,0,0.0,0.0,0.0,0.0,0.0,0.0,0.0,0,1,0
1,42,-1,1,1,1,1,,1096,1,1,0.0,0.0,0.0,0,0.0,0.0,6.993,48.205,3.125,9.524,0.0,1,1,0
1,28,-1,1,1,1,1,-1.0,2557,-1,1,100.0,0.0,0.0,0,0.0,0.0,100.0,100.0,100.0,100.0,0.0,1,1,0
1,47,1,1,1,1,4,1.0,1096,-1,1,85.71,0.0,0.0,0,0.0,100.0,100.0,100.0,100.0,100.0,0.0,1,1,0
1,26,0,1,1,1,1,0.0,365,0,1,0.0,0.0,0.0,0,0.0,0.0,0.0,0.0,0.0,0.0,0.0,0,1,0
1,28,0,1,1,1,1,0.0,365,0,1,0.0,0.0,0.0,0,0.0,0.0,0.0,0.0,0.0,0.0,0.0,0,1,0
-1,39,1,1,1,1,2,-1.0,365,1,1,0.0,0.0,0.0,0,0.0,100.0,85.915,100.0,100.0,100.0,0.0,1,1,0
-1,59,1,1,1,1,2,1.0,2191,-1,1,100.0,0.0,0.0,0,0.0,0.0,100.0,0.0,100.0,100.0,0.0,1,1,0
-1,60,1,1,1,1,2,1.0,2191,-1,1,100.0,0.0,0.0,0,0.0,0.0,100.0,0.0,100.0,100.0,0.0,1,1,0
-1,48,1,1,1,1,2,1.0,2191,-1,1,100.0,0.0,0.0,0,0.0,0.0,100.0,0.0,100.0,100.0,0.0,1,1,0
-1,49,1,1,1,1,2,1.0,2191,-1,1,100.0,0.0,0.0,0,0.0,0.0,100.0,0.0,100.0,100.0,0.0,1,1,0
-1,42,-1,1,1,1,1,-1.0,0,1,1,100.0,0.0,0.0,0,0.0,0.0,0.0,0.0,0.0,100.0,0.0,0,0,0
-1,43,1,1,1,1,1,-1.0,0,1,1,100.0,0.0,0.0,0,0.0,0.0,0.0,0.0,0.0,100.0,0.0,0,0,0
1,90,-1,1,1,1,1,,0,-1,1,0.0,0.0,0.0,0,0.0,0.0,0.0,0.0,0.0,0.0,0.0,0,0,0
1,91,-1,1,1,1,1,,0,-1,1,0.0,0.0,0.0,0,0.0,0.0,0.0,0.0,0.0,0.0,0.0,0,0,0
1,101,-1,1,1,1,1,,0,-1,1,0.0,0.0,0.0,0,0.0,0.0,0.0,0.0,0.0,0.0,0.0,0,0,0
1,102,-1,1,1,1,1,,0,-1,1,0.0,0.0,0.0,0,0.0,0.0,0.0,0.0,0.0,0.0,0.0,0,0,0
1,112,-1,1,1,1,1,,0,-1,1,0.0,0.0,0.0,0,0.0,0.0,0.0,0.0,0.0,0.0,0.0,0,0,0
1,113,-1,1,1,1,1,,0,-1,1,0.0,0.0,0.0,0,0.0,0.0,0.0,0.0,0.0,0.0,0.0,0,0,0
1,103,-1,1,1,1,1,,0,-1,1,0.0,0.0,0.0,0,0.0,0.0,0.0,0.0,0.0,0.0,0.0,0,0,0
1,91,-1,1,1,1,1,,0,-1,1,0.0,0.0,0.0,0,0.0,0.0,0.0,0.0,0.0,0.0,0.0,0,0,0
1,92,-1,1,1,1,1,,0,-1,1,0.0,0.0,0.0,0,0.0,0.0,0.0,0.0,0.0,0.0,0.0,0,0,0
1,80,-1,1,1,1,1,,0,-1,1,0.0,0.0,0.0,0,0.0,0.0,0.0,0.0,0.0,0.0,0.0,0,0,0
1,81,-1,1,1,1,1,,0,-1,1,0.0,0.0,0.0,0,0.0,0.0,0.0,0.0,0.0,0.0,0.0,0,0,0
-1,63,1,1,1,1,2,1.0,2191,-1,1,100.0,0.0,0.0,0,0.0,0.0,100.0,0.0,100.0,100.0,0.0,1,1,0
1,42,1,1,1,1,1,,365,-1,1,0.0,0.0,0.0,0,0.0,0.0,0.0,0.0,0.0,0.0,0.0,0,1,0
1,43,1,1,1,1,1,,365,-1,1,0.0,0.0,0.0,0,0.0,0.0,0.0,0.0,0.0,0.0,0.0,0,1,0
-1,138,1,1,1,1,4,-1.0,4748,-1,1,50.0,0.0,0.0,0,0.0,0.0,95.312,100.0,100.0,100.0,0.0,1,1,0
-1,129,-1,1,1,1,3,-1.0,4748,-1,1,0.0,0.0,0.0,0,0.0,0.0,0.0,0.0,0.0,0.0,0.0,0,1,0
-1,52,-1,1,1,1,2,1.0,2191,-1,1,50.0,0.0,0.0,0,0.0,0.0,88.235,100.0,100.0,100.0,0.0,1,1,0
-1,53,1,1,1,1,2,1.0,2191,-1,1,50.0,0.0,0.0,0,0.0,0.0,88.235,100.0,100.0,100.0,0.0,1,1,0
1,57,1,1,1,1,1,,0,-1,1,0.0,0.0,0.0,0,0.0,0.0,0.0,0.0,100.0,100.0,0.0,0,0,0
-1,55,1,1,1,1,5,0.0,3652,-1,1,0.0,0.0,0.0,0,0.0,0.0,0.0,0.0,0.0,0.0,0.0,0,1,0
-1,98,-1,1,1,1,2,1.0,2191,-1,1,50.0,0.0,0.0,0,0.0,0.0,88.235,100.0,100.0,100.0,0.0,1,1,0
-1,99,1,1,1,1,2,1.0,2191,-1,1,50.0,0.0,0.0,0,0.0,0.0,88.235,100.0,100.0,100.0,0.0,1,1,0
-1,96,1,1,1,1,2,1.0,2191,-1,1,50.0,0.0,0.0,0,0.0,0.0,88.235,100.0,100.0,100.0,0.0,1,1,0
-1,95,-1,1,1,1,2,1.0,2191,-1,1,50.0,0.0,0.0,0,0.0,0.0,88.235,100.0,100.0,100.0,0.0,1,1,0
-1,34,1,1,1,1,3,0.0,0,-1,1,0.0,0.0,0.0,0,0.0,0.0,0.0,0.0,0.0,0.0,0.0,0,0,0
-1,69,1,-1,1,-1,3,-1.0,5479,-1,1,0.0,0.0,0.0,0,0.0,0.0,0.0,0.0,0.0,100.0,0.0,0,1,0
1,29,-1,1,1,1,1,,0,1,1,99.82,0.0,0.0,0,0.0,0.0,28.028,100.0,100.0,100.0,0.0,1,-1,0
-1,101,-1,1,1,1,4,,11200,1,-1,100.0,0.0,0.0,0,0.0,0.0,100.0,0.0,100.0,100.0,0.0,1,1,0
-1,479,1,-1,-1,-1,26,0.0,0,-1,-1,0.0,0.0,0.0,0,0.0,0.0,100.0,0.0,0.0,100.0,0.0,1,0,0
1,31,-1,1,1,1,1,,731,1,1,0.0,0.0,0.0,0,0.0,0.0,30.0,7.229,0.0,6.25,0.0,1,1,0
-1,175,1,-1,1,-1,8,1.0,1461,-1,1,100.0,0.0,0.0,0,0.0,0.0,100.0,0.0,100.0,100.0,100.0,1,1,0
1,67,1,-1,1,1,1,0.0,2922,-1,1,0.0,0.0,0.0,0,0.0,0.0,0.0,0.0,0.0,0.0,0.0,1,1,0
-1,68,1,1,1,1,2,0.0,0,1,1,0.0,0.0,0.0,0,0.0,0.0,100.0,0.0,100.0,100.0,0.0,1,0,0
-1,67,1,1,1,1,2,0.0,0,1,1,0.0,0.0,0.0,0,0.0,0.0,100.0,0.0,100.0,100.0,0.0,1,0,0
-1,67,1,1,1,1,2,0.0,0,1,1,0.0,0.0,0.0,0,0.0,0.0,100.0,0.0,100.0,100.0,0.0,1,0,0
1,39,1,1,1,1,1,,1461,-1,1,0.0,0.0,0.0,0,0.0,0.0,0.0,0.0,0.0,0.0,0.0,0,1,0
-1,467,1,1,1,1,2,-1.0,365,1,1,0.0,0.0,0.0,0,0.0,0.0,100.0,0.0,0.0,100.0,0.0,1,1,0
-1,499,1,1,1,1,2,-1.0,365,1,1,0.0,0.0,0.0,0,0.0,0.0,100.0,0.0,0.0,100.0,0.0,1,1,0
1,35,-1,1,1,1,1,-1.0,0,-1,1,0.0,0.0,0.0,0,0.0,0.0,100.0,0.0,0.0,0.0,0.0,-1,0,0
1,69,1,1,1,1,1,,1461,-1,1,0.0,0.0,0.0,0,0.0,0.0,0.0,0.0,0.0,0.0,0.0,0,1,0
-1,810,1,1,-1,1,11,1.0,4017,-1,1,0.0,0.0,0.0,0,0.0,0.0,0.0,0.0,0.0,0.0,0.0,0,1,0
1,38,-1,1,1,1,1,,0,-1,1,0.0,0.0,0.0,0,0.0,0.0,100.0,0.0,0.0,0.0,0.0,-1,0,0
1,37,-1,1,1,1,1,-1.0,0,-1,1,0.0,0.0,0.0,0,0.0,0.0,100.0,0.0,0.0,0.0,0.0,-1,0,0
1,44,-1,1,1,1,1,,0,-1,1,0.0,0.0,0.0,0,0.0,0.0,100.0,0.0,0.0,0.0,0.0,-1,0,0
1,19,1,1,1,1,1,0.0,0,1,1,0.0,0.0,0.0,0,0.0,0.0,10.769,28.571,100.0,40.0,0.0,1,0,0
1,18,1,1,1,1,1,0.0,0,1,1,0.0,0.0,0.0,0,0.0,0.0,10.769,28.571,100.0,40.0,0.0,1,0,0
-1,35,1,1,1,1,2,1.0,2922,-1,1,0.0,0.0,0.0,0,0.0,0.0,0.0,66.667,100.0,100.0,0.0,1,1,0
1,23,1,1,1,1,1,,2922,-1,1,0.0,0.0,0.0,0,0.0,0.0,0.0,0.0,0.0,0.0,0.0,1,1,0
1,45,1,1,1,1,2,0.0,0,-1,1,100.0,0.0,0.0,0,0.0,0.0,100.0,0.0,100.0,100.0,0.0,1,1,0
-1,24,0,1,1,1,2,0.0,5479,0,1,0.0,0.0,0.0,0,0.0,0.0,0.0,0.0,0.0,0.0,0.0,0,1,0
-1,62,-1,1,1,1,2,,0,-1,1,0.0,0.0,0.0,0,0.0,0.0,0.0,0.0,0.0,100.0,0.0,-1,1,0
-1,47,1,1,1,1,3,,0,1,1,0.0,0.0,0.0,0,0.0,0.0,0.0,0.0,100.0,100.0,0.0,1,1,0
1,48,1,1,1,1,1,,365,-1,1,0.0,0.0,0.0,0,0.0,0.0,48.0,0.0,100.0,100.0,0.0,1,1,0
-1,34,-1,1,1,1,3,-1.0,3287,-1,1,0.0,0.0,0.0,0,0.0,0.0,0.0,0.0,0.0,100.0,0.0,1,1,0
-1,48,1,1,1,1,1,,0,-1,1,0.0,0.0,0.0,0,0.0,0.0,0.0,0.0,100.0,100.0,0.0,0,0,0
-1,68,1,1,1,1,2,0.0,0,1,1,0.0,0.0,0.0,0,0.0,0.0,100.0,0.0,100.0,100.0,0.0,1,0,0
1,37,1,1,1,1,1,0.0,365,-1,1,100.0,0.0,0.0,0,0.0,100.0,100.0,100.0,100.0,100.0,0.0,1,1,0
-1,120,1,1,1,1,1,,1096,-1,1,100.0,0.0,0.0,0,0.0,0.0,0.0,0.0,0.0,0.0,0.0,1,1,0
-1,120,1,1,1,1,1,,1096,-1,1,100.0,0.0,0.0,0,0.0,0.0,0.0,0.0,0.0,0.0,0.0,1,1,0
-1,60,-1,1,1,1,3,,0,-1,1,0.0,0.0,0.0,0,0.0,100.0,100.0,0.0,100.0,100.0,0.0,1,0,0
-1,61,1,1,1,1,3,,0,-1,1,0.0,0.0,0.0,0,0.0,100.0,100.0,0.0,100.0,100.0,0.0,1,0,0
-1,96,1,1,1,1,3,-1.0,2922,-1,1,100.0,0.0,0.0,0,0.0,0.0,100.0,0.0,0.0,100.0,0.0,1,1,0
-1,58,1,1,1,1,1,,0,-1,1,100.0,0.0,0.0,0,0.0,0.0,100.0,0.0,100.0,100.0,0.0,1,1,0
-1,57,-1,1,1,1,1,,0,-1,1,100.0,0.0,0.0,0,0.0,0.0,100.0,0.0,100.0,100.0,0.0,1,0,0
1,57,0,1,1,1,4,-1.0,0,0,1,0.0,0.0,0.0,0,0.0,0.0,0.0,0.0,0.0,0.0,0.0,0,0,0
-1,56,1,1,1,1,3,,0,-1,1,0.0,0.0,0.0,0,0.0,100.0,86.667,100.0,100.0,87.5,0.0,1,0,0
-1,26,1,1,1,1,1,0.0,0,-1,1,0.0,0.0,0.0,0,0.0,0.0,50.0,100.0,100.0,0.0,0.0,1,0,0
-1,23,1,1,1,1,2,0.0,1096,-1,1,0.0,0.0,0.0,0,0.0,0.0,0.0,0.0,0.0,0.0,0.0,1,1,0
-1,24,1,1,1,1,2,0.0,0,-1,1,0.0,0.0,0.0,0,0.0,0.0,0.0,0.0,0.0,0.0,0.0,1,1,0
1,29,1,1,1,1,1,1.0,1096,1,1,0.0,0.0,0.0,0,0.0,0.0,33.333,4.444,0.0,15.152,0.0,1,1,0
-1,48,0,1,1,1,2,,731,0,1,0.0,0.0,0.0,0,0.0,0.0,0.0,0.0,0.0,0.0,0.0,0,1,0
-1,42,0,1,1,1,2,,731,0,1,0.0,0.0,0.0,0,0.0,0.0,0.0,0.0,0.0,0.0,0.0,0,1,0
1,43,1,1,1,1,2,,0,-1,1,0.0,0.0,0.0,0,0.0,0.0,0.0,0.0,0.0,0.0,0.0,0,0,0
1,42,1,1,1,1,2,,0,-1,1,0.0,0.0,0.0,0,0.0,0.0,0.0,0.0,0.0,0.0,0.0,0,0,0
-1,101,1,1,1,1,3,-1.0,1461,-1,1,100.0,0.0,0.0,0,0.0,0.0,100.0,100.0,0.0,100.0,0.0,1,1,0
1,46,-1,1,1,1,1,-1.0,0,-1,1,100.0,0.0,0.0,0,0.0,0.0,100.0,0.0,0.0,100.0,0.0,1,1,0
-1,196,1,1,1,1,2,0.0,0,1,1,100.0,0.0,0.0,0,0.0,0.0,91.667,0.0,0.0,100.0,0.0,1,1,0
-1,88,1,1,1,1,2,,0,-1,1,100.0,0.0,0.0,0,0.0,100.0,98.485,100.0,100.0,100.0,0.0,1,0,0
-1,114,1,1,1,1,1,,1096,-1,1,100.0,0.0,0.0,0,0.0,0.0,0.0,0.0,0.0,0.0,0.0,1,1,0
-1,104,-1,1,1,1,4,,1096,-1,1,100.0,0.0,0.0,0,0.0,0.0,100.0,0.0,0.0,100.0,0.0,1,1,0
1,54,1,1,1,1,2,0.0,365,1,1,0.0,0.0,0.0,0,0.0,0.0,66.667,0.0,100.0,100.0,0.0,1,1,0
-1,82,1,1,1,1,3,,365,-1,1,0.0,0.0,0.0,0,0.0,0.0,0.0,0.0,0.0,0.0,0.0,0,1,0
-1,48,1,1,1,1,1,,0,-1,1,0.0,0.0,0.0,0,0.0,0.0,0.0,0.0,100.0,100.0,0.0,0,0,0
-1,159,-1,1,1,1,2,1.0,0,1,1,0.0,0.0,0.0,0,0.0,0.0,100.0,0.0,0.0,100.0,0.0,1,1,0
-1,89,1,1,1,1,3,0.0,0,-1,1,100.0,0.0,0.0,0,0.0,0.0,0.0,0.0,100.0,100.0,0.0,0,0,0
-1,82,1,1,1,1,3,,365,-1,1,0.0,0.0,0.0,0,0.0,0.0,0.0,0.0,0.0,0.0,0.0,0,1,0
-1,41,1,1,1,1,2,-1.0,8400,-1,1,0.0,0.0,0.0,0,0.0,0.0,166.667,0.0,100.0,91.667,0.0,1,1,0
-1,36,-1,1,1,1,1,0.0,731,-1,1,100.0,0.0,0.0,0,0.0,0.0,0.0,0.0,0.0,100.0,0.0,0,1,0
-1,242,1,1,1,1,2,0.0,730,1,1,0.0,0.0,0.0,0,0.0,0.0,0.0,0.0,0.0,100.0,0.0,0,1,0
-1,76,0,1,1,1,1,0.0,0,0,1,0.0,0.0,0.0,0,0.0,0.0,0.0,0.0,0.0,0.0,0.0,0,0,0
1,97,1,1,1,1,9,-1.0,1825,-1,1,0.0,0.0,0.0,0,0.0,0.0,0.0,0.0,0.0,0.0,0.0,0,1,0
-1,30,1,1,1,1,1,0.0,365,-1,1,100.0,0.0,0.0,0,0.0,0.0,80.0,0.0,100.0,100.0,0.0,1,1,0
1,29,1,1,1,1,1,,365,-1,1,100.0,0.0,0.0,0,0.0,0.0,100.0,0.0,0.0,100.0,0.0,1,1,0
1,28,1,1,1,1,1,,365,-1,1,100.0,0.0,0.0,0,0.0,0.0,100.0,0.0,0.0,100.0,0.0,1,1,0
-1,55,-1,1,1,1,1,,731,-1,1,0.0,0.0,0.0,0,0.0,0.0,100.0,100.0,0.0,100.0,0.0,1,1,0
1,33,1,1,1,1,1,,0,-1,1,0.0,0.0,0.0,0,0.0,0.0,0.0,0.0,100.0,100.0,0.0,0,0,0
1,36,-1,1,1,1,1,0.0,365,-1,1,100.0,0.0,0.0,0,0.0,50.0,0.0,100.0,100.0,100.0,0.0,0,1,0
1,27,-1,1,1,1,1,,0,-1,1,0.0,0.0,0.0,0,0.0,0.0,100.0,0.0,0.0,0.0,0.0,-1,0,0
1,38,0,1,1,1,1,0.0,0,0,1,0.0,0.0,0.0,0,0.0,0.0,0.0,0.0,0.0,0.0,0.0,0,0,0
-1,106,1,1,1,1,2,,2922,-1,1,0.0,0.0,0.0,0,0.0,0.0,0.0,0.0,0.0,0.0,0.0,0,1,0
-1,105,1,1,1,1,2,,2922,-1,1,0.0,0.0,0.0,0,0.0,0.0,0.0,0.0,0.0,0.0,0.0,0,1,0
-1,68,1,1,1,1,2,1.0,2191,-1,1,100.0,0.0,0.0,0,0.0,0.0,100.0,0.0,100.0,100.0,0.0,1,1,0
-1,69,1,1,1,1,2,1.0,2191,-1,1,100.0,0.0,0.0,0,0.0,0.0,100.0,0.0,100.0,100.0,0.0,1,1,0
-1,137,1,1,1,1,4,-1.0,4748,-1,1,50.0,0.0,0.0,0,0.0,0.0,95.312,100.0,100.0,100.0,0.0,1,1,0
-1,60,1,1,1,1,2,1.0,5479,1,1,100.0,0.0,0.0,0,0.0,0.0,100.0,0.0,0.0,100.0,0.0,1,1,0
-1,59,-1,1,1,1,2,1.0,5479,1,1,100.0,0.0,0.0,0,0.0,0.0,100.0,0.0,0.0,100.0,0.0,1,1,0
-1,128,1,1,1,1,3,1.0,2191,-1,1,100.0,0.0,0.0,0,0.0,0.0,100.0,0.0,100.0,100.0,0.0,1,1,0
-1,365,1,1,1,1,3,1.0,2191,-1,1,100.0,0.0,0.0,0,0.0,0.0,100.0,0.0,100.0,100.0,0.0,1,1,0
1,25,-1,1,1,1,1,,0,-1,1,0.0,0.0,0.0,0,0.0,0.0,0.0,0.0,0.0,100.0,0.0,-1,0,0
-1,167,1,1,1,1,12,-1.0,0,-1,1,0.0,0.0,0.0,0,0.0,0.0,0.0,0.0,0.0,0.0,0.0,0,1,0
-1,87,1,-1,1,-1,4,,730,-1,1,0.0,0.0,0.0,0,0.0,0.0,0.0,0.0,0.0,0.0,0.0,0,1,0
-1,80,1,-1,1,-1,3,,730,-1,1,0.0,0.0,0.0,0,0.0,0.0,0.0,0.0,0.0,0.0,0.0,0,1,0
-1,81,1,-1,1,-1,3,,730,-1,1,0.0,0.0,0.0,0,0.0,0.0,0.0,0.0,0.0,0.0,0.0,0,1,0
1,61,1,1,1,1,2,1.0,0,-1,1,100.0,0.0,0.0,0,0.0,0.0,100.0,0.0,0.0,0.0,0.0,1,0,0
-1,73,1,1,-1,1,3,-1.0,2192,1,1,100.0,0.0,0.0,0,0.0,0.0,100.0,0.0,0.0,100.0,0.0,1,1,0
1,36,1,1,1,1,1,0.0,365,-1,1,100.0,0.0,0.0,0,0.0,0.0,100.0,0.0,100.0,100.0,0.0,1,1,0
1,32,1,1,1,1,3,-1.0,0,-1,1,0.0,0.0,0.0,0,0.0,0.0,100.0,0.0,0.0,0.0,0.0,1,0,0
1,30,1,1,1,1,1,,0,-1,1,0.0,0.0,0.0,0,0.0,0.0,0.0,0.0,100.0,100.0,0.0,0,0,0
1,38,1,1,1,1,2,-1.0,365,-1,1,0.0,0.0,0.0,0,0.0,0.0,80.0,0.0,0.0,0.0,0.0,1,1,0
-1,139,1,1,1,1,4,-1.0,4383,-1,1,100.0,0.0,0.0,0,0.0,0.0,0.0,0.0,100.0,100.0,0.0,0,1,0
-1,99,-1,1,1,1,2,1.0,2191,-1,1,100.0,0.0,0.0,0,0.0,0.0,100.0,0.0,100.0,100.0,0.0,1,1,0
-1,100,1,1,1,1,2,1.0,2191,-1,1,100.0,0.0,0.0,0,0.0,0.0,100.0,0.0,100.0,100.0,0.0,1,1,0
-1,100,1,1,1,1,3,-1.0,1461,-1,1,100.0,0.0,0.0,0,0.0,0.0,100.0,100.0,0.0,100.0,0.0,1,1,0
-1,40,1,1,1,1,1,-1.0,365,-1,1,100.0,0.0,0.0,0,0.0,0.0,100.0,100.0,100.0,100.0,0.0,1,1,0
-1,39,-1,1,1,1,1,-1.0,365,-1,1,100.0,0.0,0.0,0,0.0,0.0,100.0,100.0,100.0,100.0,0.0,1,1,0
-1,54,-1,1,1,1,2,-1.0,365,-1,1,100.0,0.0,0.0,0,0.0,0.0,1285.714,100.0,100.0,100.0,0.0,1,1,0
-1,309,1,1,1,1,3,-1.0,7670,-1,1,100.0,0.0,0.0,0,0.0,0.0,0.0,0.0,0.0,100.0,0.0,0,1,0
-1,87,1,1,1,1,3,1.0,1826,-1,1,0.0,0.0,0.0,0,0.0,0.0,0.0,0.0,0.0,0.0,0.0,0,1,0
-1,80,1,1,1,1,7,0.0,4748,1,1,0.0,0.0,0.0,0,0.0,0.0,0.0,0.0,0.0,0.0,0.0,0,1,0
-1,82,1,1,1,1,3,,365,-1,1,0.0,0.0,0.0,0,0.0,0.0,0.0,0.0,0.0,0.0,0.0,0,1,0
-1,218,1,1,1,1,1,,2557,-1,1,0.0,0.0,0.0,0,0.0,100.0,19.512,100.0,100.0,100.0,0.0,1,1,0
1,46,-1,1,1,1,2,,0,-1,1,0.0,0.0,0.0,0,0.0,0.0,0.0,0.0,0.0,100.0,0.0,-1,0,0
1,36,-1,1,1,1,1,,731,1,1,100.0,0.0,0.0,0,0.0,0.0,0.0,0.0,0.0,0.0,0.0,0,1,0
1,27,-1,1,1,1,1,,0,-1,1,0.0,0.0,0.0,0,0.0,0.0,100.0,0.0,0.0,0.0,0.0,-1,0,0
1,34,-1,1,1,1,1,,0,-1,1,0.0,0.0,0.0,0,0.0,0.0,100.0,0.0,0.0,0.0,0.0,-1,0,0
-1,24,1,1,1,1,1,1.0,731,-1,1,0.0,0.0,0.0,0,0.0,0.0,0.0,0.0,0.0,0.0,0.0,0,1,0
-1,80,1,1,1,1,7,0.0,4748,1,1,0.0,0.0,0.0,0,0.0,0.0,0.0,0.0,0.0,0.0,0.0,0,1,0
-1,108,-1,1,1,1,2,1.0,10593,-1,1,0.0,0.0,0.0,0,0.0,0.0,0.0,100.0,100.0,100.0,0.0,0,1,0
-1,331,1,1,1,1,5,1.0,10593,-1,-1,0.0,0.0,0.0,0,0.0,0.0,0.0,100.0,100.0,100.0,0.0,0,1,0
1,21,1,1,1,1,1,0.0,365,-1,1,0.0,0.0,0.0,0,0.0,0.0,100.0,0.0,0.0,100.0,0.0,1,1,0
-1,127,-1,1,1,1,2,,11322,-1,1,100.0,0.0,0.0,0,0.0,0.0,0.0,0.0,0.0,0.0,0.0,-1,1,0
-1,140,1,1,1,1,4,-1.0,4383,-1,1,100.0,0.0,0.0,0,0.0,0.0,0.0,0.0,100.0,100.0,0.0,0,1,0
-1,128,1,1,1,1,2,,2922,1,1,0.0,0.0,0.0,0,0.0,0.0,100.0,0.0,100.0,100.0,0.0,1,1,0
1,42,-1,1,1,1,1,1.0,3287,1,1,100.0,0.0,0.0,0,0.0,0.0,0.0,0.0,0.0,100.0,0.0,0,1,0
1,32,0,1,1,1,2,0.0,5062,0,1,0.0,0.0,0.0,0,0.0,0.0,0.0,0.0,0.0,0.0,0.0,0,1,0
1,31,0,1,1,1,2,0.0,5062,0,1,0.0,0.0,0.0,0,0.0,0.0,0.0,0.0,0.0,0.0,0.0,0,1,0
1,73,1,1,1,1,1,-1.0,1096,-1,1,100.0,0.0,0.0,0,0.0,0.0,100.0,0.0,100.0,100.0,0.0,1,1,0
-1,172,-1,1,1,1,5,,0,-1,1,0.0,0.0,0.0,0,0.0,0.0,0.0,0.0,0.0,0.0,0.0,0,0,0
1,33,1,1,1,1,1,0.0,365,1,1,0.0,0.0,0.0,0,0.0,100.0,60.0,0.0,0.0,15.0,0.0,1,1,0
1,45,1,1,1,1,3,,0,-1,1,0.0,0.0,0.0,0,0.0,0.0,0.0,0.0,100.0,100.0,0.0,0,0,0
1,54,1,1,1,1,3,,0,-1,1,0.0,0.0,0.0,0,0.0,0.0,0.0,0.0,100.0,100.0,0.0,0,0,0
-1,100,1,1,1,1,4,1.0,0,-1,1,0.0,0.0,0.0,0,0.0,0.0,116.667,0.0,100.0,100.0,0.0,1,1,0
1,19,-1,1,1,1,1,1.0,0,1,1,0.0,0.0,0.0,0,0.0,0.0,85.714,0.0,0.0,0.0,0.0,1,1,0
1,88,1,1,1,1,3,-1.0,0,-1,1,100.0,0.0,0.0,0,0.0,0.0,0.0,0.0,100.0,100.0,0.0,0,0,0
-1,499,1,1,1,1,2,0.0,365,1,1,0.0,0.0,0.0,0,0.0,0.0,100.0,0.0,0.0,100.0,0.0,1,1,0
-1,138,1,1,1,1,4,-1.0,4748,-1,1,50.0,0.0,0.0,0,0.0,0.0,95.312,100.0,100.0,100.0,0.0,1,1,0
1,28,1,1,1,1,1,,365,-1,1,0.0,0.0,0.0,0,0.0,0.0,0.0,0.0,0.0,0.0,0.0,0,1,0
1,20,1,1,1,1,2,1.0,8777,1,1,8.89,0.0,0.0,0,0.0,0.0,0.656,0.0,6.667,5.882,0.0,1,1,0
1,60,1,1,1,1,1,,731,-1,1,0.0,0.0,0.0,0,0.0,0.0,0.0,0.0,0.0,0.0,0.0,0,1,0
-1,33,1,1,1,1,1,0.0,0,-1,1,100.0,0.0,0.0,0,0.0,0.0,80.0,0.0,100.0,100.0,0.0,1,1,0
-1,82,1,-1,1,-1,4,,730,-1,1,0.0,0.0,0.0,0,0.0,0.0,0.0,0.0,0.0,0.0,0.0,0,1,0
-1,125,1,1,1,1,2,,3287,-1,1,0.0,0.0,0.0,0,0.0,0.0,0.0,0.0,0.0,0.0,0.0,0,1,0
1,37,1,1,1,1,2,,0,1,1,100.0,0.0,0.0,0,0.0,0.0,46.154,33.333,52.632,33.333,0.0,1,0,0
1,38,1,1,1,1,2,,0,1,1,100.0,0.0,0.0,0,0.0,0.0,46.154,33.333,52.632,33.333,0.0,1,0,0
1,29,-1,1,1,1,1,,365,-1,1,0.0,0.0,0.0,0,0.0,0.0,0.0,0.0,0.0,100.0,0.0,-1,1,0
1,64,1,1,1,1,2,,1461,1,1,0.0,0.0,0.0,0,0.0,0.0,0.0,16.667,0.0,16.667,0.0,1,1,0
1,63,1,1,1,1,2,,1461,1,1,0.0,0.0,0.0,0,0.0,0.0,0.0,16.667,0.0,16.667,0.0,1,1,0
1,22,0,1,1,1,1,0.0,730,0,1,0.0,0.0,0.0,0,0.0,0.0,0.0,0.0,0.0,0.0,0.0,0,1,0
1,50,1,1,1,1,2,1.0,365,-1,1,0.0,0.0,0.0,0,0.0,0.0,0.0,0.0,0.0,0.0,0.0,0,1,0
-1,84,1,1,1,1,3,,365,-1,1,0.0,0.0,0.0,0,0.0,0.0,0.0,0.0,0.0,0.0,0.0,0,1,0
-1,76,1,-1,1,-1,3,,730,-1,1,0.0,0.0,0.0,0,0.0,0.0,0.0,0.0,0.0,0.0,0.0,0,1,0
-1,17,-1,1,1,1,1,-1.0,365,-1,1,0.0,0.0,0.0,0,0.0,0.0,100.0,0.0,100.0,100.0,0.0,1,1,0
-1,16,-1,1,1,1,1,-1.0,365,-1,1,0.0,0.0,0.0,0,0.0,0.0,100.0,0.0,100.0,100.0,0.0,1,1,0
-1,46,1,1,1,1,4,,1096,-1,1,0.0,0.0,0.0,0,0.0,0.0,0.0,0.0,0.0,0.0,0.0,0,1,0
1,59,-1,1,1,1,5,-1.0,365,-1,1,0.0,0.0,0.0,0,0.0,0.0,0.0,0.0,0.0,0.0,0.0,0,1,0
-1,194,1,1,1,1,7,-1.0,365,-1,1,0.0,0.0,0.0,0,0.0,0.0,0.0,0.0,0.0,0.0,0.0,0,1,0
-1,194,1,-1,1,-1,7,-1.0,365,-1,1,0.0,0.0,0.0,0,0.0,0.0,0.0,0.0,0.0,0.0,0.0,0,1,0
-1,208,1,1,1,1,7,-1.0,365,-1,1,0.0,0.0,0.0,0,0.0,0.0,0.0,0.0,0.0,0.0,0.0,0,1,0
-1,73,1,1,1,1,8,-1.0,365,-1,1,0.0,0.0,0.0,0,0.0,0.0,0.0,0.0,0.0,0.0,0.0,0,1,0
-1,95,-1,1,1,1,3,-1.0,7125,-1,1,85.37,0.0,0.0,0,0.0,100.0,89.925,100.0,100.0,100.0,0.0,1,1,0
-1,98,-1,1,1,1,3,-1.0,0,-1,1,100.0,0.0,0.0,0,0.0,0.0,100.0,0.0,100.0,100.0,0.0,1,1,0
1,63,1,1,1,1,1,-1.0,365,-1,1,100.0,0.0,0.0,0,0.0,0.0,100.0,0.0,100.0,100.0,0.0,-1,1,0
-1,37,-1,1,1,1,3,-1.0,3287,-1,1,0.0,0.0,0.0,0,0.0,0.0,0.0,0.0,0.0,100.0,0.0,1,1,0
1,42,1,1,1,1,2,-1.0,1826,-1,1,0.0,0.0,0.0,0,0.0,0.0,12.821,0.0,33.333,45.455,0.0,1,1,0
-1,74,-1,1,1,1,3,0.0,0,-1,1,0.0,0.0,0.0,0,0.0,0.0,100.0,0.0,0.0,100.0,0.0,1,1,0
1,46,1,1,1,1,2,0.0,2557,-1,1,0.0,0.0,0.0,0,0.0,0.0,0.0,100.0,0.0,0.0,0.0,0,1,0
-1,84,1,1,1,1,3,,365,-1,1,0.0,0.0,0.0,0,0.0,0.0,0.0,0.0,0.0,0.0,0.0,0,1,0
-1,99,1,1,1,1,3,-1.0,0,-1,1,100.0,0.0,0.0,0,0.0,0.0,100.0,0.0,100.0,100.0,0.0,1,1,0
1,49,1,1,1,1,2,,365,-1,1,0.0,0.0,0.0,0,0.0,0.0,0.0,0.0,0.0,0.0,0.0,0,1,0
-1,25,-1,1,1,1,2,-1.0,1461,-1,1,0.0,0.0,0.0,0,0.0,0.0,0.0,0.0,0.0,100.0,0.0,0,1,0
-1,88,1,1,1,1,2,,0,-1,1,100.0,0.0,0.0,0,0.0,100.0,98.485,100.0,100.0,100.0,0.0,1,0,0
-1,27,-1,1,1,1,2,0.0,2191,1,1,100.0,0.0,0.0,0,0.0,0.0,95.238,100.0,100.0,100.0,0.0,1,1,0
1,45,-1,1,1,1,1,1.0,3287,1,1,100.0,0.0,0.0,0,0.0,0.0,0.0,0.0,0.0,100.0,0.0,0,1,0
1,43,1,1,1,1,1,1.0,3287,1,1,100.0,0.0,0.0,0,0.0,0.0,0.0,0.0,0.0,100.0,0.0,0,1,0
1,30,1,1,1,1,2,,0,-1,1,0.0,0.0,0.0,0,0.0,0.0,0.0,0.0,0.0,0.0,0.0,0,1,0
1,29,1,1,1,1,2,,0,-1,1,0.0,0.0,0.0,0,0.0,0.0,0.0,0.0,0.0,0.0,0.0,0,0,0
-1,74,1,1,1,1,3,,0,1,1,100.0,0.0,0.0,0,0.0,0.0,100.0,0.0,0.0,100.0,0.0,1,0,0
1,67,-1,1,1,1,1,-1.0,365,1,1,100.0,0.0,0.0,0,0.0,0.0,0.0,100.0,0.0,100.0,0.0,0,1,0
1,68,1,1,1,1,1,-1.0,365,1,1,100.0,0.0,0.0,0,0.0,0.0,0.0,100.0,0.0,100.0,0.0,0,1,0
1,64,-1,1,1,1,5,-1.0,365,-1,1,0.0,0.0,0.0,0,0.0,0.0,0.0,0.0,0.0,0.0,0.0,0,1,0
1,50,1,1,1,1,1,0.0,365,-1,1,0.0,0.0,0.0,0,0.0,0.0,100.0,0.0,0.0,0.0,0.0,1,1,0
1,49,1,1,1,1,1,0.0,365,-1,1,0.0,0.0,0.0,0,0.0,0.0,100.0,0.0,0.0,0.0,0.0,1,1,0
-1,129,-1,1,1,1,3,-1.0,4748,-1,1,0.0,0.0,0.0,0,0.0,0.0,0.0,0.0,0.0,0.0,0.0,0,1,0
-1,130,1,1,1,1,3,-1.0,4748,-1,1,0.0,0.0,0.0,0,0.0,0.0,0.0,0.0,0.0,0.0,0.0,0,1,0
-1,96,1,1,1,1,3,-1.0,2922,-1,1,100.0,0.0,0.0,0,0.0,0.0,100.0,0.0,0.0,100.0,0.0,1,1,0
-1,96,1,1,1,1,3,-1.0,2922,-1,1,100.0,0.0,0.0,0,0.0,0.0,100.0,0.0,0.0,100.0,0.0,1,1,0
-1,96,1,1,1,1,3,-1.0,2922,-1,1,100.0,0.0,0.0,0,0.0,0.0,100.0,0.0,0.0,100.0,0.0,1,1,0
-1,96,1,1,1,1,3,-1.0,2922,-1,1,100.0,0.0,0.0,0,0.0,0.0,100.0,0.0,0.0,100.0,0.0,1,1,0
-1,96,1,1,1,1,3,-1.0,2922,-1,1,100.0,0.0,0.0,0,0.0,0.0,100.0,0.0,0.0,100.0,0.0,1,1,0
-1,96,1,1,1,1,3,-1.0,2922,-1,1,100.0,0.0,0.0,0,0.0,0.0,100.0,0.0,0.0,100.0,0.0,1,1,0
-1,96,1,1,1,1,3,-1.0,2922,-1,1,100.0,0.0,0.0,0,0.0,0.0,100.0,0.0,0.0,100.0,0.0,1,1,0
1,39,1,1,1,1,1,0.0,4018,1,1,0.0,0.0,0.0,0,0.0,0.0,0.0,0.0,0.0,16.667,0.0,1,1,0
1,21,1,1,1,1,1,0.0,4018,1,1,0.0,0.0,0.0,0,0.0,0.0,0.0,0.0,0.0,16.667,0.0,1,1,0
1,23,1,1,1,1,1,0.0,4018,1,1,0.0,0.0,0.0,0,0.0,0.0,0.0,0.0,0.0,16.667,0.0,1,1,0
1,22,1,1,1,1,1,0.0,4018,1,1,0.0,0.0,0.0,0,0.0,0.0,0.0,0.0,0.0,16.667,0.0,1,1,0
1,30,1,1,1,1,1,0.0,4018,1,1,0.0,0.0,0.0,0,0.0,0.0,0.0,0.0,0.0,16.667,0.0,1,1,0
1,23,1,1,1,1,1,0.0,4018,1,1,0.0,0.0,0.0,0,0.0,0.0,0.0,0.0,0.0,16.667,0.0,1,1,0
1,27,1,1,1,1,1,0.0,4018,1,1,0.0,0.0,0.0,0,0.0,0.0,0.0,0.0,0.0,16.667,0.0,1,1,0
1,32,1,1,1,1,1,0.0,4018,1,1,0.0,0.0,0.0,0,0.0,0.0,0.0,0.0,0.0,16.667,0.0,1,1,0
-1,21,1,1,1,1,1,0.0,4018,-1,1,100.0,0.0,0.0,0,0.0,0.0,0.0,0.0,100.0,100.0,0.0,1,1,0
-1,20,1,1,1,1,1,0.0,4018,-1,1,100.0,0.0,0.0,0,0.0,0.0,0.0,0.0,100.0,100.0,0.0,1,1,0
-1,58,1,1,1,1,1,,0,-1,1,100.0,0.0,0.0,0,0.0,0.0,100.0,0.0,100.0,100.0,0.0,1,1,0
-1,57,-1,1,1,1,1,,0,-1,1,100.0,0.0,0.0,0,0.0,0.0,100.0,0.0,100.0,100.0,0.0,1,0,0
-1,55,1,1,1,1,4,0.0,8617,-1,1,0.0,0.0,0.0,0,0.0,0.0,0.0,100.0,0.0,0.0,0.0,0,1,0
-1,23,-1,1,1,1,1,0.0,2191,1,1,100.0,0.0,0.0,0,0.0,0.0,95.238,100.0,100.0,100.0,0.0,1,1,0
-1,46,1,1,1,1,2,0.0,365,-1,1,0.0,0.0,0.0,0,0.0,0.0,0.0,0.0,0.0,0.0,0.0,0,1,0
1,62,1,1,1,1,1,0.0,731,-1,1,0.0,0.0,0.0,0,0.0,0.0,0.0,100.0,0.0,0.0,0.0,0,1,0
1,42,0,1,1,1,1,0.0,3287,0,1,0.0,0.0,0.0,0,0.0,0.0,0.0,0.0,0.0,0.0,0.0,0,1,0
1,43,1,1,1,1,2,-1.0,0,-1,1,0.0,0.0,0.0,0,0.0,0.0,0.0,100.0,0.0,0.0,0.0,0,1,0
-1,66,1,1,1,1,4,0.0,0,-1,1,0.0,0.0,0.0,0,0.0,0.0,0.0,0.0,0.0,0.0,0.0,0,0,0
-1,29,0,1,1,1,1,-1.0,4017,0,1,0.0,0.0,0.0,0,0.0,0.0,0.0,0.0,0.0,0.0,0.0,0,1,0
-1,29,-1,1,1,1,2,,365,-1,1,0.0,0.0,0.0,0,0.0,0.0,0.0,100.0,0.0,0.0,0.0,0,1,0
1,49,1,1,1,1,1,1.0,1461,-1,1,0.0,0.0,0.0,0,0.0,0.0,0.0,100.0,0.0,0.0,0.0,0,1,0
1,39,1,1,1,1,2,,731,-1,1,0.0,0.0,0.0,0,0.0,0.0,0.0,100.0,0.0,0.0,0.0,0,1,0
1,31,1,1,1,1,2,,730,-1,1,0.0,0.0,0.0,0,0.0,0.0,0.0,100.0,0.0,0.0,0.0,0,1,0
1,41,1,1,1,1,1,0.0,2557,-1,1,0.0,0.0,0.0,0,0.0,0.0,0.0,100.0,0.0,0.0,0.0,0,1,0
1,55,1,1,1,1,1,0.0,731,-1,1,0.0,0.0,0.0,0,0.0,0.0,0.0,100.0,0.0,0.0,0.0,0,1,0
1,51,1,1,1,1,2,0.0,2557,-1,1,0.0,0.0,0.0,0,0.0,0.0,0.0,100.0,0.0,0.0,0.0,0,1,0
-1,35,1,1,1,1,3,0.0,365,-1,1,0.0,0.0,0.0,0,0.0,0.0,0.0,100.0,0.0,0.0,0.0,0,1,0
1,37,1,1,1,1,1,,1096,-1,1,0.0,0.0,0.0,0,0.0,0.0,0.0,100.0,0.0,0.0,0.0,0,1,0
-1,84,1,1,1,1,3,,365,-1,1,0.0,0.0,0.0,0,0.0,0.0,0.0,0.0,0.0,0.0,0.0,0,1,0
1,42,1,1,1,1,1,0.0,1096,-1,1,0.0,0.0,0.0,0,0.0,0.0,0.0,100.0,0.0,0.0,0.0,0,1,0
1,50,1,1,1,1,2,,0,-1,1,0.0,0.0,0.0,0,0.0,0.0,0.0,0.0,100.0,100.0,0.0,0,1,0
1,41,1,1,1,1,2,,0,-1,1,0.0,0.0,0.0,0,0.0,0.0,0.0,0.0,100.0,100.0,0.0,0,0,0
-1,209,1,1,1,1,2,,3287,-1,1,0.0,0.0,0.0,0,0.0,0.0,0.0,0.0,0.0,0.0,0.0,0,1,0
-1,81,1,1,1,1,5,-1.0,365,-1,1,0.0,0.0,0.0,0,0.0,0.0,0.0,0.0,0.0,0.0,0.0,0,1,0
1,48,-1,1,1,1,2,-1.0,2191,1,1,0.0,0.0,0.0,0,0.0,0.0,100.0,0.0,0.0,100.0,0.0,1,1,0
1,49,1,1,1,1,2,-1.0,2191,1,1,0.0,0.0,0.0,0,0.0,0.0,100.0,0.0,0.0,100.0,0.0,1,1,0
1,52,1,1,1,1,2,-1.0,0,-1,1,100.0,0.0,0.0,0,0.0,0.0,100.0,0.0,0.0,100.0,0.0,1,1,0
1,51,-1,1,1,1,2,-1.0,0,-1,1,100.0,0.0,0.0,0,0.0,0.0,100.0,0.0,0.0,100.0,0.0,1,0,0
1,56,1,1,1,1,3,,1826,-1,1,0.0,0.0,0.0,0,0.0,0.0,0.0,100.0,0.0,0.0,0.0,0,1,0
1,40,1,1,1,1,1,-1.0,731,-1,1,100.0,0.0,0.0,0,0.0,0.0,88.889,0.0,0.0,100.0,0.0,1,1,0
-1,96,1,1,1,1,3,-1.0,2922,-1,1,100.0,0.0,0.0,0,0.0,0.0,100.0,0.0,0.0,100.0,0.0,1,1,0
1,58,0,1,1,1,1,0.0,1461,0,1,0.0,0.0,0.0,0,0.0,0.0,0.0,0.0,0.0,0.0,0.0,0,1,0
-1,82,1,1,1,1,3,,365,-1,1,0.0,0.0,0.0,0,0.0,0.0,0.0,0.0,0.0,0.0,0.0,0,1,0
-1,26,-1,1,1,1,2,1.0,5113,1,1,0.0,0.0,0.0,0,0.0,0.0,100.0,0.0,0.0,100.0,0.0,1,1,0
-1,36,-1,1,1,1,1,,731,-1,1,100.0,0.0,0.0,0,0.0,0.0,0.0,0.0,0.0,100.0,0.0,0,1,0
-1,82,1,1,1,1,3,,365,-1,1,0.0,0.0,0.0,0,0.0,0.0,0.0,0.0,0.0,0.0,0.0,0,1,0
1,51,-1,1,1,1,2,-1.0,0,-1,1,0.0,0.0,0.0,0,0.0,0.0,0.0,0.0,0.0,100.0,0.0,-1,0,0
-1,82,1,1,1,1,3,,365,-1,1,0.0,0.0,0.0,0,0.0,0.0,0.0,0.0,0.0,0.0,0.0,0,1,0
-1,113,1,1,1,1,3,0.0,0,-1,1,0.0,0.0,0.0,0,0.0,0.0,0.0,100.0,0.0,0.0,0.0,0,0,0
-1,20,-1,1,1,1,1,1.0,0,1,1,0.0,0.0,0.0,0,0.0,0.0,150.0,0.0,0.0,100.0,0.0,1,-1,0
-1,23,-1,1,1,1,1,0.0,2191,-1,1,0.0,0.0,0.0,0,0.0,0.0,0.0,0.0,0.0,0.0,0.0,0,1,0
1,40,-1,1,1,1,1,,0,-1,1,0.0,0.0,0.0,0,0.0,0.0,0.0,0.0,0.0,100.0,0.0,-1,0,0
-1,82,1,1,1,1,3,,365,-1,1,0.0,0.0,0.0,0,0.0,0.0,0.0,0.0,0.0,0.0,0.0,0,1,0
1,21,1,1,1,1,1,0.0,0,-1,1,50.0,0.0,0.0,0,0.0,0.0,4.192,0.0,75.0,0.0,0.0,1,0,0
1,60,1,1,1,1,2,0.0,1096,-1,1,0.0,0.0,0.0,0,0.0,0.0,0.0,0.0,0.0,0.0,0.0,0,1,0
-1,81,1,1,1,1,3,0.0,0,-1,1,0.0,0.0,0.0,0,0.0,0.0,0.0,0.0,0.0,0.0,0.0,0,0,0
1,51,1,1,1,1,1,0.0,5844,-1,1,0.0,0.0,0.0,0,0.0,0.0,0.0,100.0,0.0,0.0,0.0,0,1,0
1,64,-1,1,1,1,1,,1461,-1,1,0.0,0.0,0.0,0,0.0,0.0,7.843,0.0,40.0,10.0,0.0,1,1,0
-1,36,1,1,1,1,2,-1.0,1826,-1,1,0.0,0.0,0.0,0,0.0,0.0,0.0,0.0,0.0,0.0,0.0,0,1,0
1,27,-1,1,1,1,2,0.0,365,-1,1,0.0,0.0,0.0,0,0.0,0.0,0.0,0.0,0.0,100.0,0.0,1,1,0
-1,35,-1,1,1,1,2,,0,-1,1,0.0,0.0,0.0,0,0.0,0.0,0.0,0.0,0.0,100.0,0.0,-1,1,0
-1,49,0,1,1,1,1,-1.0,0,0,1,0.0,0.0,0.0,0,0.0,0.0,0.0,0.0,0.0,0.0,0.0,0,0,0
1,29,1,1,1,1,1,,0,-1,1,0.0,0.0,0.0,0,0.0,0.0,0.0,0.0,100.0,100.0,0.0,0,0,0
-1,80,-1,1,1,1,2,,0,-1,1,100.0,0.0,0.0,0,0.0,100.0,10.769,100.0,100.0,100.0,0.0,1,0,0
1,30,-1,1,1,1,2,1.0,365,-1,1,0.0,0.0,0.0,0,0.0,0.0,0.0,0.0,0.0,100.0,0.0,-1,1,0
1,32,0,1,1,1,1,0.0,1096,0,1,0.0,0.0,0.0,0,0.0,0.0,0.0,0.0,0.0,0.0,0.0,0,1,0
1,79,1,1,1,1,8,,8036,-1,1,0.0,0.0,0.0,0,0.0,0.0,0.0,0.0,0.0,0.0,0.0,0,1,0
1,40,1,1,1,1,2,,0,-1,1,0.0,0.0,0.0,0,0.0,0.0,0.0,0.0,100.0,100.0,0.0,0,0,0
1,40,1,1,1,1,1,,0,-1,1,0.0,0.0,0.0,0,0.0,0.0,0.0,0.0,100.0,100.0,0.0,0,0,0
1,64,-1,1,1,1,2,-1.0,8035,-1,1,0.0,0.0,0.0,0,0.0,0.0,0.0,0.0,0.0,100.0,0.0,-1,1,0
1,37,-1,1,1,1,1,-1.0,731,1,1,100.0,0.0,0.0,0,0.0,0.0,0.0,0.0,100.0,100.0,0.0,0,1,0
1,38,1,1,1,1,1,-1.0,731,1,1,100.0,0.0,0.0,0,0.0,0.0,0.0,0.0,100.0,100.0,0.0,0,1,0
1,31,-1,1,1,1,1,-1.0,8401,-1,1,0.0,0.0,0.0,0,0.0,0.0,0.0,0.0,100.0,0.0,0.0,0,1,0
1,32,1,1,1,1,1,-1.0,8401,-1,1,0.0,0.0,0.0,0,0.0,0.0,0.0,0.0,100.0,0.0,0.0,0,1,0
-1,99,-1,1,1,1,2,,0,-1,1,100.0,100.0,0.0,0,0.0,100.0,100.0,100.0,100.0,100.0,0.0,1,0,0
-1,58,1,1,1,1,1,,0,-1,1,100.0,0.0,0.0,0,0.0,0.0,100.0,0.0,100.0,100.0,0.0,1,0,0
-1,57,-1,1,1,1,1,,0,-1,1,100.0,0.0,0.0,0,0.0,0.0,100.0,0.0,100.0,100.0,0.0,1,0,0
-1,277,1,1,1,1,3,-1.0,1826,-1,-1,0.0,0.0,0.0,0,0.0,0.0,0.0,0.0,0.0,0.0,0.0,0,1,0
-1,88,1,1,1,1,1,-1.0,1826,-1,1,0.0,0.0,0.0,0,0.0,0.0,0.0,0.0,0.0,0.0,0.0,0,1,0
-1,238,0,1,1,1,22,0.0,0,0,1,0.0,0.0,0.0,0,0.0,0.0,0.0,0.0,0.0,0.0,0.0,0,0,0
-1,49,1,1,1,1,1,,0,-1,1,0.0,0.0,0.0,0,0.0,0.0,0.0,0.0,100.0,100.0,0.0,0,0,0
-1,64,1,1,1,1,1,0.0,365,-1,1,0.0,0.0,0.0,0,0.0,0.0,100.0,0.0,0.0,100.0,0.0,1,1,0
-1,39,1,1,1,1,4,,1096,-1,1,0.0,0.0,0.0,0,0.0,0.0,0.0,0.0,0.0,100.0,0.0,0,1,0
-1,38,1,1,1,1,4,,1096,-1,1,0.0,0.0,0.0,0,0.0,0.0,0.0,0.0,0.0,0.0,0.0,0,1,0
-1,27,-1,1,1,1,3,-1.0,9421,-1,1,0.0,0.0,0.0,0,0.0,0.0,0.0,0.0,0.0,100.0,0.0,-1,1,0
-1,42,1,1,1,1,1,-1.0,1096,-1,1,0.0,0.0,0.0,0,0.0,0.0,0.0,0.0,0.0,0.0,0.0,0,1,0
-1,25,-1,1,1,1,1,1.0,6575,1,1,0.0,0.0,0.0,0,0.0,0.0,150.0,0.0,0.0,100.0,0.0,1,1,0
-1,127,-1,1,1,1,2,1.0,1826,1,1,100.0,0.0,0.0,0,0.0,0.0,30.612,100.0,100.0,100.0,0.0,1,1,0
1,58,-1,1,1,1,1,,0,-1,1,0.0,0.0,0.0,0,0.0,0.0,0.0,0.0,0.0,100.0,0.0,-1,0,0
1,25,-1,1,1,1,1,,0,-1,1,0.0,0.0,0.0,0,0.0,0.0,0.0,0.0,0.0,100.0,0.0,-1,0,0
-1,277,1,1,1,1,3,-1.0,1826,-1,-1,0.0,0.0,0.0,0,0.0,0.0,0.0,0.0,0.0,0.0,0.0,0,1,0
-1,88,1,1,1,1,1,-1.0,1826,-1,1,0.0,0.0,0.0,0,0.0,0.0,0.0,0.0,0.0,0.0,0.0,0,1,0
-1,25,-1,1,1,1,2,,4541,-1,1,0.0,0.0,0.0,0,0.0,0.0,73.333,100.0,100.0,100.0,0.0,1,1,0
-1,28,1,1,1,1,2,,0,-1,1,0.0,0.0,0.0,0,0.0,0.0,43.75,92.135,91.667,92.857,0.0,1,0,0
-1,48,0,1,1,1,4,0.0,0,0,1,0.0,0.0,0.0,0,0.0,0.0,0.0,0.0,0.0,0.0,0.0,0,0,0
-1,44,0,1,1,1,3,0.0,365,0,1,0.0,0.0,0.0,0,0.0,0.0,0.0,0.0,0.0,0.0,0.0,0,0,0
-1,75,-1,1,1,1,3,,0,-1,1,0.0,0.0,0.0,0,0.0,0.0,100.0,0.0,0.0,100.0,0.0,-1,0,0
-1,64,-1,1,1,1,2,,1847,-1,1,0.0,0.0,0.0,0,0.0,0.0,90.0,0.0,0.0,0.0,0.0,1,1,0
-1,125,-1,1,1,1,3,-1.0,4748,-1,1,0.0,0.0,0.0,0,0.0,0.0,0.0,0.0,0.0,0.0,0.0,0,1,0
-1,126,1,1,1,1,3,-1.0,4748,-1,1,0.0,0.0,0.0,0,0.0,0.0,0.0,0.0,0.0,0.0,0.0,0,1,0
-1,96,1,1,1,1,3,-1.0,2922,-1,1,100.0,0.0,0.0,0,0.0,0.0,100.0,0.0,0.0,100.0,0.0,1,1,0
-1,96,1,1,1,1,3,-1.0,2922,-1,1,100.0,0.0,0.0,0,0.0,0.0,100.0,0.0,0.0,100.0,0.0,1,1,0
1,51,1,1,1,1,1,-1.0,1096,-1,1,100.0,0.0,0.0,0,0.0,0.0,100.0,0.0,100.0,100.0,0.0,1,1,0
-1,82,1,1,1,1,3,,365,-1,1,0.0,0.0,0.0,0,0.0,0.0,0.0,0.0,0.0,0.0,0.0,0,1,0
-1,80,1,1,1,1,3,,365,-1,1,0.0,0.0,0.0,0,0.0,0.0,0.0,0.0,0.0,0.0,0.0,0,1,0
-1,72,1,1,1,1,2,0.0,731,-1,1,0.0,0.0,0.0,0,0.0,0.0,0.0,0.0,0.0,0.0,0.0,0,1,0
-1,45,-1,1,1,1,2,0.0,5844,1,1,0.0,0.0,0.0,0,0.0,0.0,36.709,100.0,100.0,100.0,0.0,1,1,0
-1,277,1,1,1,1,3,-1.0,1826,-1,-1,0.0,0.0,0.0,0,0.0,0.0,0.0,0.0,0.0,0.0,0.0,0,1,0
-1,88,1,1,1,1,1,-1.0,1826,-1,1,0.0,0.0,0.0,0,0.0,0.0,0.0,0.0,0.0,0.0,0.0,0,1,0
-1,65,-1,1,1,1,2,,0,-1,1,100.0,0.0,0.0,0,0.0,0.0,0.0,0.0,0.0,100.0,0.0,0,0,0
-1,49,1,1,1,1,1,,365,-1,1,0.0,0.0,0.0,0,0.0,0.0,0.0,0.0,100.0,100.0,0.0,0,1,0
1,24,1,1,1,1,1,0.0,365,-1,1,0.0,0.0,0.0,0,0.0,0.0,0.0,100.0,0.0,0.0,0.0,0,1,0
-1,82,1,1,1,1,3,,365,-1,1,0.0,0.0,0.0,0,0.0,0.0,0.0,0.0,0.0,0.0,0.0,0,1,0
-1,55,1,1,1,1,1,,365,-1,1,0.0,0.0,0.0,0,0.0,0.0,0.0,0.0,100.0,100.0,0.0,0,1,0
-1,32,1,1,1,1,1,,365,-1,1,0.0,0.0,0.0,0,0.0,0.0,0.0,0.0,100.0,100.0,0.0,0,1,0
1,58,-1,1,1,1,2,1.0,1460,1,1,0.0,0.0,0.0,0,0.0,0.0,100.0,0.0,0.0,100.0,0.0,1,1,0
-1,73,0,1,1,1,4,0.0,0,0,1,0.0,0.0,0.0,0,0.0,0.0,0.0,0.0,0.0,0.0,0.0,0,0,0
1,26,1,1,1,1,1,,365,1,1,100.0,0.0,0.0,0,0.0,0.0,95.833,0.0,0.0,100.0,0.0,1,1,0
1,32,-1,1,1,1,1,,0,-1,1,0.0,0.0,0.0,0,0.0,0.0,0.0,0.0,0.0,100.0,0.0,-1,0,0
-1,119,1,1,1,1,4,,4051,-1,1,100.0,100.0,0.0,0,0.0,0.0,0.0,100.0,0.0,100.0,0.0,1,1,0
1,48,1,1,1,1,1,0.0,0,-1,1,0.0,0.0,0.0,0,0.0,0.0,100.0,0.0,0.0,100.0,0.0,1,0,0
1,69,1,1,1,1,2,-1.0,0,1,1,0.0,0.0,0.0,0,0.0,0.0,100.0,0.0,0.0,100.0,0.0,1,0,0
-1,49,0,1,1,1,4,0.0,0,0,1,0.0,0.0,0.0,0,0.0,0.0,0.0,0.0,0.0,0.0,0.0,0,0,0
-1,47,0,1,1,1,1,0.0,0,0,1,0.0,0.0,0.0,0,0.0,0.0,0.0,0.0,0.0,0.0,0.0,0,0,0
1,41,1,1,1,1,1,-1.0,0,-1,1,0.0,0.0,0.0,0,0.0,0.0,0.0,0.0,0.0,0.0,0.0,0,0,0
1,56,1,1,1,1,2,-1.0,365,-1,1,0.0,0.0,0.0,0,0.0,0.0,0.0,0.0,0.0,0.0,0.0,0,1,0
1,40,-1,1,1,1,3,-1.0,0,-1,1,0.0,0.0,0.0,0,0.0,0.0,0.0,0.0,0.0,100.0,0.0,-1,0,0
1,32,1,1,1,1,1,0.0,0,-1,1,0.0,0.0,0.0,0,0.0,0.0,100.0,0.0,0.0,100.0,0.0,1,0,0
1,39,1,1,1,1,1,0.0,0,-1,1,0.0,0.0,0.0,0,0.0,0.0,100.0,0.0,0.0,100.0,0.0,1,0,0
-1,73,1,1,1,1,2,,0,-1,1,100.0,0.0,0.0,0,0.0,100.0,98.485,100.0,100.0,100.0,0.0,1,0,0
1,37,0,1,1,1,1,0.0,0,0,1,0.0,0.0,0.0,0,0.0,0.0,0.0,0.0,0.0,0.0,0.0,0,0,0
-1,67,1,1,1,1,2,,0,-1,1,100.0,0.0,0.0,0,0.0,0.0,0.0,0.0,0.0,100.0,0.0,0,0,0
1,31,1,1,1,1,1,,0,-1,1,0.0,0.0,0.0,0,0.0,0.0,0.0,0.0,100.0,100.0,0.0,0,0,0
-1,206,-1,1,1,1,7,0.0,731,1,1,100.0,0.0,0.0,0,0.0,0.0,100.0,0.0,0.0,100.0,0.0,1,1,0
1,48,1,1,1,1,1,,365,-1,1,0.0,0.0,0.0,0,0.0,0.0,0.0,0.0,0.0,0.0,0.0,0,1,0
1,47,1,1,1,1,1,,365,-1,1,0.0,0.0,0.0,0,0.0,0.0,0.0,0.0,0.0,0.0,0.0,0,1,0
-1,66,-1,1,1,1,2,,0,-1,1,100.0,0.0,0.0,0,0.0,0.0,0.0,0.0,0.0,100.0,0.0,0,0,0
-1,66,1,1,1,1,2,,0,-1,1,100.0,0.0,0.0,0,0.0,0.0,0.0,0.0,0.0,100.0,0.0,0,0,0
-1,71,-1,1,1,1,1,-1.0,5114,1,1,100.0,0.0,0.0,0,0.0,0.0,100.0,0.0,0.0,100.0,0.0,1,1,0
-1,72,1,1,1,1,1,-1.0,5114,1,1,100.0,0.0,0.0,0,0.0,0.0,100.0,0.0,0.0,100.0,0.0,1,1,0
1,27,1,1,1,1,2,,0,-1,1,0.0,0.0,0.0,0,0.0,0.0,0.0,0.0,0.0,0.0,0.0,0,0,0
1,26,1,1,1,1,2,,0,-1,1,0.0,0.0,0.0,0,0.0,0.0,0.0,0.0,0.0,0.0,0.0,0,0,0
-1,48,1,1,1,1,1,,1826,-1,1,0.0,0.0,0.0,0,0.0,0.0,0.0,0.0,0.0,0.0,0.0,0,1,0
-1,47,1,1,1,1,1,,1826,-1,1,0.0,0.0,0.0,0,0.0,0.0,0.0,0.0,0.0,0.0,0.0,0,1,0
-1,125,-1,1,1,1,3,-1.0,4748,-1,1,0.0,0.0,0.0,0,0.0,0.0,0.0,0.0,0.0,0.0,0.0,0,1,0
1,34,1,1,1,1,1,,0,-1,1,0.0,0.0,0.0,0,0.0,0.0,0.0,0.0,100.0,100.0,0.0,0,0,0
1,35,1,1,1,1,1,,0,-1,1,0.0,0.0,0.0,0,0.0,0.0,0.0,0.0,100.0,100.0,0.0,0,0,0
1,33,1,1,1,1,1,0.0,365,-1,1,0.0,0.0,0.0,0,0.0,0.0,50.0,0.0,100.0,100.0,0.0,1,1,0
-1,226,1,1,1,1,2,0.0,0,-1,1,0.0,0.0,0.0,0,0.0,0.0,0.0,0.0,0.0,0.0,0.0,0,1,0
-1,58,1,1,1,1,1,,0,-1,1,100.0,0.0,0.0,0,0.0,0.0,100.0,0.0,100.0,100.0,0.0,1,1,0
-1,57,-1,1,1,1,1,,0,-1,1,100.0,0.0,0.0,0,0.0,0.0,100.0,0.0,100.0,100.0,0.0,1,0,0
-1,57,-1,1,1,1,1,,0,-1,1,100.0,0.0,0.0,0,0.0,0.0,100.0,0.0,100.0,100.0,0.0,1,0,0
-1,58,1,1,1,1,1,,0,-1,1,100.0,0.0,0.0,0,0.0,0.0,100.0,0.0,100.0,100.0,0.0,1,0,0
-1,58,1,1,1,1,1,,0,-1,1,100.0,0.0,0.0,0,0.0,0.0,100.0,0.0,100.0,100.0,0.0,1,0,0
-1,57,-1,1,1,1,1,,0,-1,1,100.0,0.0,0.0,0,0.0,0.0,100.0,0.0,100.0,100.0,0.0,1,1,0
-1,185,1,1,1,1,6,-1.0,0,-1,1,0.0,0.0,0.0,0,0.0,0.0,75.0,0.0,100.0,100.0,0.0,1,0,0
1,49,1,1,1,1,1,,0,-1,1,0.0,0.0,0.0,0,0.0,0.0,0.0,0.0,0.0,0.0,0.0,0,0,0
1,36,1,1,1,1,2,-1.0,0,-1,1,0.0,0.0,0.0,0,0.0,100.0,100.0,100.0,100.0,0.0,0.0,1,0,0
-1,135,1,1,1,1,3,-1.0,0,-1,1,0.0,0.0,0.0,0,0.0,100.0,100.0,100.0,100.0,0.0,0.0,1,0,0
-1,37,1,1,1,1,2,-1.0,0,-1,1,0.0,0.0,0.0,0,0.0,100.0,100.0,100.0,100.0,0.0,0.0,1,0,0
-1,36,1,1,1,1,1,,0,-1,1,0.0,0.0,0.0,0,0.0,0.0,0.0,0.0,100.0,100.0,0.0,0,0,0
-1,59,1,1,1,1,1,,0,-1,1,0.0,0.0,0.0,0,0.0,0.0,0.0,0.0,100.0,100.0,0.0,0,0,0
-1,48,1,1,1,1,2,,0,-1,1,0.0,0.0,0.0,0,0.0,0.0,0.0,0.0,0.0,0.0,0.0,0,0,0
-1,26,1,1,1,1,1,0.0,0,-1,1,0.0,0.0,0.0,0,0.0,0.0,100.0,0.0,0.0,100.0,0.0,1,0,0
1,20,-1,1,1,1,1,,731,1,1,100.0,0.0,0.0,0,0.0,0.0,0.0,0.0,0.0,0.0,0.0,0,1,0
-1,22,-1,1,1,1,1,1.0,5113,1,1,0.0,0.0,0.0,0,0.0,0.0,100.0,0.0,0.0,100.0,0.0,1,1,0
-1,69,1,-1,1,-1,2,-1.0,365,-1,1,0.0,0.0,0.0,0,0.0,0.0,0.0,0.0,0.0,0.0,0.0,0,1,0
1,23,-1,1,1,1,1,0.0,2191,1,1,85.71,0.0,0.0,0,0.0,0.0,74.419,0.0,100.0,100.0,0.0,1,1,0
-1,39,1,1,1,1,1,0.0,365,-1,1,0.0,0.0,0.0,0,0.0,0.0,100.0,0.0,0.0,100.0,0.0,1,1,0
1,67,1,1,1,1,1,,0,-1,1,0.0,0.0,0.0,0,0.0,0.0,0.0,0.0,0.0,0.0,0.0,0,0,0
-1,97,1,1,1,1,2,,0,-1,1,0.0,0.0,0.0,0,0.0,0.0,0.0,0.0,0.0,0.0,0.0,0,0,0
1,25,1,1,1,1,1,0.0,365,-1,1,0.0,0.0,0.0,0,0.0,0.0,100.0,0.0,0.0,100.0,0.0,1,1,0
1,29,-1,1,1,1,1,0.0,2191,1,1,85.71,0.0,0.0,0,0.0,0.0,74.419,0.0,100.0,100.0,0.0,1,1,0
-1,139,-1,1,-1,1,2,,0,-1,1,0.0,0.0,0.0,0,0.0,0.0,100.0,0.0,0.0,100.0,0.0,-1,0,0
-1,139,-1,1,1,1,2,,0,-1,1,0.0,0.0,0.0,0,0.0,0.0,100.0,0.0,0.0,100.0,0.0,-1,0,0
1,33,1,1,1,1,2,,1826,-1,1,0.0,0.0,0.0,0,0.0,0.0,0.0,0.0,0.0,0.0,0.0,0,1,0
1,27,-1,1,1,1,2,0.0,2191,-1,1,0.0,0.0,0.0,0,0.0,0.0,100.0,0.0,0.0,100.0,0.0,-1,1,0
-1,68,1,1,1,1,2,0.0,0,1,1,0.0,0.0,0.0,0,0.0,0.0,100.0,0.0,100.0,100.0,0.0,1,0,0
1,48,0,1,1,1,2,0.0,0,0,1,0.0,0.0,0.0,0,0.0,0.0,0.0,0.0,0.0,0.0,0.0,0,0,0
1,34,1,1,1,1,2,,0,-1,1,0.0,0.0,0.0,0,0.0,0.0,0.0,0.0,100.0,100.0,0.0,0,0,0
1,33,1,1,1,1,1,,365,-1,1,0.0,0.0,0.0,0,0.0,0.0,0.0,0.0,0.0,0.0,0.0,0,1,0
-1,67,1,1,1,1,2,0.0,0,1,1,0.0,0.0,0.0,0,0.0,0.0,100.0,0.0,100.0,100.0,0.0,1,0,0
1,37,-1,1,1,1,2,,0,1,1,0.0,0.0,0.0,0,0.0,0.0,15.672,18.182,100.0,85.714,0.0,1,0,0
-1,111,-1,-1,1,-1,3,-1.0,0,-1,1,0.0,0.0,0.0,0,0.0,0.0,100.0,0.0,0.0,100.0,0.0,-1,0,0
-1,139,-1,1,1,1,2,,0,-1,1,0.0,0.0,0.0,0,0.0,0.0,100.0,0.0,0.0,100.0,0.0,-1,0,0
1,43,1,1,1,1,2,-1.0,0,-1,1,100.0,0.0,0.0,0,0.0,0.0,100.0,0.0,100.0,100.0,0.0,1,0,0
1,42,-1,1,1,1,2,-1.0,0,-1,1,100.0,0.0,0.0,0,0.0,0.0,100.0,0.0,100.0,100.0,0.0,1,0,0
1,42,1,1,1,1,1,,365,-1,1,0.0,0.0,0.0,0,0.0,0.0,0.0,0.0,0.0,0.0,0.0,0,1,0
-1,126,1,1,1,1,3,0.0,2192,-1,1,100.0,0.0,0.0,0,0.0,100.0,47.368,100.0,100.0,100.0,0.0,1,1,0
-1,141,-1,1,-1,1,2,,0,-1,1,0.0,0.0,0.0,0,0.0,0.0,100.0,0.0,0.0,100.0,0.0,-1,0,0
-1,23,-1,1,1,1,1,0.0,2191,1,1,100.0,0.0,0.0,0,0.0,0.0,95.238,100.0,100.0,100.0,0.0,1,1,0
1,34,1,1,1,1,2,,0,-1,1,0.0,0.0,0.0,0,0.0,0.0,30.769,91.071,91.667,91.667,0.0,1,0,0
-1,58,-1,1,1,1,4,1.0,3652,1,1,0.0,0.0,0.0,0,0.0,0.0,100.0,0.0,0.0,100.0,0.0,1,1,0
1,33,-1,1,1,1,3,1.0,3652,1,1,0.0,0.0,0.0,0,0.0,0.0,100.0,0.0,0.0,85.714,0.0,1,1,0
-1,140,-1,1,-1,1,2,,0,-1,1,0.0,0.0,0.0,0,0.0,0.0,100.0,0.0,0.0,100.0,0.0,-1,0,0
-1,140,-1,1,1,1,2,,0,-1,1,0.0,0.0,0.0,0,0.0,0.0,100.0,0.0,0.0,100.0,0.0,-1,0,0
-1,82,1,1,1,1,3,,365,-1,1,0.0,0.0,0.0,0,0.0,0.0,0.0,0.0,0.0,0.0,0.0,0,1,0
-1,138,1,1,1,1,5,,0,1,1,100.0,0.0,0.0,0,0.0,100.0,94.059,0.0,100.0,100.0,0.0,1,0,0
-1,146,1,1,1,1,5,,0,1,1,100.0,0.0,0.0,0,0.0,100.0,94.175,0.0,100.0,100.0,0.0,1,0,0
-1,72,-1,1,1,1,3,,0,-1,1,0.0,0.0,0.0,0,0.0,0.0,100.0,0.0,0.0,100.0,0.0,-1,0,0
1,30,-1,1,1,1,1,-1.0,365,-1,1,0.0,0.0,0.0,0,0.0,0.0,0.0,0.0,0.0,100.0,0.0,0,1,0
1,45,-1,1,1,1,2,,11322,-1,1,100.0,0.0,0.0,0,0.0,0.0,0.0,0.0,0.0,0.0,0.0,-1,1,0
-1,151,1,1,1,1,3,0.0,4756,-1,1,0.0,0.0,0.0,0,0.0,0.0,100.0,0.0,0.0,100.0,0.0,1,1,0
1,42,1,1,1,1,2,,0,-1,1,0.0,0.0,0.0,0,0.0,0.0,100.0,0.0,0.0,0.0,0.0,1,0,0
-1,51,1,1,1,1,3,,0,-1,1,100.0,0.0,0.0,0,0.0,0.0,100.0,0.0,100.0,100.0,0.0,1,0,0
-1,94,-1,1,1,1,3,,0,-1,1,0.0,0.0,0.0,0,0.0,0.0,100.0,0.0,0.0,100.0,0.0,-1,0,0
-1,52,1,1,1,1,4,0.0,0,-1,1,100.0,0.0,0.0,0,0.0,100.0,100.0,0.0,100.0,100.0,0.0,1,1,0
1,44,1,1,1,1,3,,365,-1,1,100.0,0.0,0.0,0,0.0,0.0,100.0,0.0,0.0,0.0,0.0,1,1,0
-1,19,1,1,1,1,1,-1.0,3653,-1,1,0.0,0.0,0.0,0,0.0,0.0,100.0,0.0,100.0,0.0,0.0,1,1,0
-1,59,-1,1,1,1,1,,0,-1,1,0.0,0.0,0.0,0,0.0,0.0,100.0,100.0,0.0,100.0,0.0,1,0,0
1,42,1,1,1,1,2,-1.0,0,-1,1,100.0,0.0,0.0,0,0.0,0.0,100.0,100.0,100.0,100.0,0.0,1,0,0
1,20,-1,1,1,1,1,,731,1,1,100.0,0.0,0.0,0,0.0,0.0,0.0,0.0,0.0,0.0,0.0,0,1,0
-1,82,1,1,1,1,3,,365,-1,1,0.0,0.0,0.0,0,0.0,0.0,0.0,0.0,0.0,0.0,0.0,0,1,0
-1,33,1,1,1,1,2,0.0,365,-1,1,0.0,0.0,0.0,0,0.0,0.0,0.0,0.0,0.0,0.0,0.0,0,1,0
1,34,1,1,1,1,1,0.0,365,1,1,0.0,0.0,0.0,0,0.0,0.0,100.0,0.0,100.0,100.0,0.0,1,1,0
-1,227,1,1,1,1,3,-1.0,5114,1,1,0.0,0.0,0.0,0,0.0,0.0,39.286,0.0,100.0,100.0,0.0,1,1,0
-1,60,1,1,1,1,1,,0,-1,1,0.0,0.0,0.0,0,0.0,0.0,100.0,100.0,0.0,100.0,0.0,1,0,0
-1,55,-1,1,1,1,1,,731,-1,1,0.0,0.0,0.0,0,0.0,0.0,100.0,100.0,0.0,100.0,0.0,1,1,0
-1,477,-1,-1,1,-1,6,,3653,-1,1,0.0,0.0,0.0,0,0.0,0.0,0.0,0.0,0.0,0.0,0.0,0,1,0
1,48,1,1,1,1,2,,3653,-1,1,0.0,0.0,0.0,0,0.0,0.0,0.0,0.0,0.0,0.0,0.0,0,1,0
1,43,1,1,1,1,1,0.0,365,1,1,0.0,0.0,0.0,0,0.0,0.0,100.0,0.0,100.0,100.0,0.0,1,1,0
-1,148,1,1,1,1,2,-1.0,365,1,1,100.0,0.0,0.0,0,0.0,0.0,0.0,0.0,0.0,100.0,0.0,0,1,0
-1,133,-1,1,1,1,2,-1.0,365,1,1,100.0,0.0,0.0,0,0.0,0.0,0.0,0.0,0.0,100.0,0.0,0,1,0
1,57,-1,1,1,1,5,-1.0,365,-1,1,0.0,0.0,0.0,0,0.0,0.0,0.0,0.0,0.0,0.0,0.0,0,1,0
-1,138,1,1,1,1,4,-1.0,4748,-1,1,50.0,0.0,0.0,0,0.0,0.0,95.312,100.0,100.0,100.0,0.0,1,1,0
-1,54,-1,1,1,1,1,,731,-1,1,0.0,0.0,0.0,0,0.0,0.0,100.0,100.0,0.0,100.0,0.0,1,1,0
-1,75,1,1,1,1,3,1.0,2191,-1,1,50.0,0.0,0.0,0,0.0,0.0,88.235,100.0,100.0,100.0,0.0,1,1,0
-1,206,1,1,1,1,2,,0,1,1,100.0,0.0,0.0,0,0.0,0.0,100.0,0.0,100.0,100.0,0.0,1,0,0
1,39,1,1,1,1,1,,365,-1,1,0.0,0.0,0.0,0,0.0,0.0,0.0,0.0,100.0,100.0,0.0,0,1,0
-1,30,1,1,1,1,2,,0,-1,1,0.0,0.0,0.0,0,0.0,0.0,0.0,0.0,0.0,0.0,0.0,0,0,0
1,38,1,1,1,1,2,-1.0,0,-1,1,0.0,0.0,0.0,0,0.0,0.0,0.0,100.0,0.0,0.0,0.0,0,0,0
-1,101,1,1,1,1,2,0.0,2192,-1,1,100.0,0.0,0.0,0,0.0,0.0,0.0,0.0,100.0,100.0,0.0,0,1,0
-1,52,-1,1,1,1,3,0.0,0,-1,1,0.0,0.0,0.0,0,0.0,0.0,175.0,0.0,0.0,0.0,0.0,1,-1,0
1,53,-1,1,1,1,7,-1.0,0,-1,1,0.0,0.0,0.0,0,0.0,0.0,0.0,0.0,100.0,0.0,0.0,0,-1,0
-1,84,1,1,1,1,3,,365,-1,1,0.0,0.0,0.0,0,0.0,0.0,0.0,0.0,0.0,0.0,0.0,0,1,0
-1,82,1,1,1,1,3,,365,-1,1,0.0,0.0,0.0,0,0.0,0.0,0.0,0.0,0.0,0.0,0.0,0,1,0
-1,66,1,1,1,1,4,1.0,0,1,1,100.0,0.0,0.0,0,0.0,0.0,333.333,0.0,100.0,100.0,0.0,1,1,0
1,42,1,1,1,1,2,-1.0,0,-1,1,0.0,0.0,0.0,0,0.0,0.0,15.094,67.347,75.0,85.714,0.0,1,0,0
1,22,1,1,1,1,1,,731,1,1,7.69,0.0,0.0,0,0.0,0.0,5.769,5.691,2.632,12.121,0.0,1,1,0
1,36,-1,1,1,1,2,-1.0,0,1,1,50.0,0.0,0.0,0,0.0,0.0,25.0,0.0,8.696,19.444,0.0,1,0,0
1,52,1,1,1,1,5,-1.0,365,-1,1,0.0,0.0,0.0,0,0.0,0.0,0.0,0.0,0.0,0.0,0.0,0,1,0
1,49,-1,1,1,1,2,-1.0,0,-1,1,100.0,0.0,0.0,0,0.0,0.0,100.0,0.0,0.0,100.0,0.0,1,1,0
1,50,1,1,1,1,2,-1.0,0,-1,1,100.0,0.0,0.0,0,0.0,0.0,100.0,0.0,0.0,100.0,0.0,1,0,0
1,35,-1,1,1,1,2,-1.0,0,1,1,50.0,0.0,0.0,0,0.0,0.0,25.0,0.0,8.696,19.444,0.0,1,0,0
-1,532,1,1,1,1,4,,0,-1,1,100.0,0.0,0.0,0,0.0,0.0,100.0,0.0,0.0,0.0,0.0,1,0,0
1,42,1,1,1,1,2,-1.0,1461,-1,1,100.0,0.0,0.0,0,0.0,0.0,100.0,100.0,0.0,100.0,0.0,1,1,0
-1,100,1,1,1,1,3,-1.0,1461,-1,1,100.0,0.0,0.0,0,0.0,0.0,100.0,100.0,0.0,100.0,0.0,1,1,0
-1,100,1,1,1,1,3,-1.0,1461,-1,1,100.0,0.0,0.0,0,0.0,0.0,100.0,100.0,0.0,100.0,0.0,1,1,0
-1,216,1,1,1,1,3,,3287,1,1,100.0,0.0,0.0,0,0.0,0.0,100.0,0.0,0.0,100.0,0.0,1,1,0
1,61,1,1,1,1,5,-1.0,365,-1,1,0.0,0.0,0.0,0,0.0,0.0,0.0,0.0,0.0,0.0,0.0,0,1,0
1,63,1,1,1,1,5,-1.0,365,-1,1,0.0,0.0,0.0,0,0.0,0.0,0.0,0.0,0.0,0.0,0.0,0,1,0
-1,89,1,1,1,1,5,-1.0,365,-1,1,0.0,0.0,0.0,0,0.0,0.0,0.0,0.0,0.0,0.0,0.0,0,1,0
-1,124,1,1,1,1,3,1.0,2191,1,1,100.0,0.0,0.0,0,0.0,0.0,100.0,0.0,100.0,100.0,0.0,1,1,0
-1,108,1,1,1,1,4,-1.0,0,1,1,100.0,0.0,0.0,0,0.0,0.0,0.0,0.0,0.0,100.0,0.0,0,0,0
-1,324,1,1,1,1,2,-1.0,0,1,1,0.0,0.0,0.0,0,0.0,0.0,100.0,0.0,0.0,100.0,0.0,1,0,0
-1,80,1,1,1,1,3,,365,-1,1,0.0,0.0,0.0,0,0.0,0.0,0.0,0.0,0.0,0.0,0.0,0,1,0
-1,77,1,1,1,1,3,,365,-1,1,0.0,0.0,0.0,0,0.0,0.0,0.0,0.0,0.0,0.0,0.0,0,1,0
-1,82,1,1,1,1,3,,365,-1,1,0.0,0.0,0.0,0,0.0,0.0,0.0,0.0,0.0,0.0,0.0,0,1,0
1,31,1,1,1,1,2,1.0,1096,-1,1,100.0,0.0,0.0,0,0.0,0.0,100.0,0.0,0.0,0.0,0.0,1,1,0
-1,35,-1,1,1,1,1,-1.0,0,-1,1,100.0,0.0,0.0,0,0.0,100.0,0.0,100.0,100.0,100.0,0.0,1,-1,0
-1,82,1,1,1,1,3,,365,-1,1,0.0,0.0,0.0,0,0.0,0.0,0.0,0.0,0.0,0.0,0.0,0,1,0
1,41,1,1,1,1,2,-1.0,0,-1,1,0.0,0.0,0.0,0,0.0,100.0,100.0,100.0,100.0,0.0,0.0,1,0,0
1,40,1,1,1,1,2,-1.0,0,-1,1,0.0,0.0,0.0,0,0.0,100.0,100.0,100.0,100.0,0.0,0.0,1,0,0
1,39,1,1,1,1,2,-1.0,0,-1,1,0.0,0.0,0.0,0,0.0,100.0,100.0,100.0,100.0,0.0,0.0,1,0,0
1,40,1,1,1,1,2,-1.0,0,-1,1,0.0,0.0,0.0,0,0.0,100.0,100.0,100.0,100.0,0.0,0.0,1,0,0
-1,72,-1,1,1,1,3,,0,-1,1,0.0,0.0,0.0,0,0.0,0.0,100.0,0.0,0.0,100.0,0.0,-1,0,0
-1,77,1,1,1,1,3,,365,-1,1,0.0,0.0,0.0,0,0.0,0.0,0.0,0.0,0.0,0.0,0.0,0,1,0
-1,79,1,1,1,1,3,,365,-1,1,0.0,0.0,0.0,0,0.0,0.0,0.0,0.0,0.0,0.0,0.0,0,1,0
1,57,1,1,1,1,1,1.0,2557,1,1,92.0,0.0,0.0,0,0.0,0.0,30.0,0.0,0.0,72.727,0.0,1,1,0
-1,23,-1,1,1,1,1,0.0,2191,-1,1,0.0,0.0,0.0,0,0.0,0.0,0.0,0.0,0.0,0.0,0.0,0,1,0
1,56,-1,1,1,1,4,-1.0,1826,-1,1,100.0,0.0,0.0,0,0.0,0.0,0.0,0.0,100.0,100.0,0.0,0,1,0
1,35,-1,1,1,1,2,,365,-1,1,0.0,0.0,0.0,0,0.0,0.0,0.0,0.0,0.0,100.0,0.0,-1,1,0
-1,106,1,1,1,1,2,-1.0,731,-1,1,0.0,0.0,0.0,0,0.0,0.0,0.0,0.0,0.0,0.0,0.0,0,1,0
1,48,1,1,1,1,1,0.0,730,1,1,0.0,0.0,0.0,0,0.0,0.0,100.0,0.0,100.0,100.0,0.0,1,1,0
1,49,1,1,1,1,1,0.0,730,1,1,0.0,0.0,0.0,0,0.0,0.0,100.0,0.0,100.0,100.0,0.0,1,1,0
-1,77,1,1,1,1,3,,365,-1,1,0.0,0.0,0.0,0,0.0,0.0,0.0,0.0,0.0,0.0,0.0,0,1,0
-1,55,1,1,1,1,2,,0,-1,1,0.0,0.0,0.0,0,0.0,0.0,0.0,0.0,0.0,0.0,0.0,0,0,0
1,41,1,1,1,1,2,,0,-1,1,0.0,0.0,0.0,0,0.0,0.0,0.0,0.0,0.0,0.0,0.0,0,0,0
1,42,1,1,1,1,2,,0,-1,1,0.0,0.0,0.0,0,0.0,0.0,0.0,0.0,0.0,0.0,0.0,0,0,0
-1,106,-1,1,1,1,2,-1.0,0,-1,1,0.0,0.0,0.0,0,0.0,0.0,100.0,0.0,0.0,0.0,0.0,1,0,0
-1,107,-1,1,1,1,2,-1.0,0,-1,1,0.0,0.0,0.0,0,0.0,0.0,100.0,0.0,0.0,0.0,0.0,1,0,0
1,24,1,1,1,1,1,,0,1,1,100.0,0.0,0.0,0,0.0,0.0,75.0,0.0,0.0,100.0,0.0,1,0,0
-1,56,1,1,1,1,2,,0,-1,1,0.0,0.0,0.0,0,0.0,0.0,0.0,0.0,0.0,0.0,0.0,0,0,0
-1,76,0,1,1,1,3,0.0,6207,0,1,0.0,0.0,0.0,0,0.0,0.0,0.0,0.0,0.0,0.0,0.0,0,1,0
-1,80,1,1,1,1,3,,0,-1,1,0.0,0.0,0.0,0,0.0,100.0,86.667,100.0,100.0,87.5,0.0,1,0,0
1,36,1,1,1,1,1,-1.0,2192,-1,1,0.0,0.0,0.0,0,0.0,0.0,66.667,7.143,0.0,25.0,0.0,1,1,0
1,40,1,-1,1,1,2,0.0,0,1,1,0.0,0.0,0.0,0,0.0,0.0,0.0,0.0,100.0,66.667,0.0,0,0,0
-1,77,1,1,1,1,3,,365,-1,1,0.0,0.0,0.0,0,0.0,0.0,0.0,0.0,0.0,0.0,0.0,0,1,0
1,64,-1,1,1,1,1,,731,-1,1,0.0,0.0,0.0,0,0.0,0.0,0.0,0.0,0.0,100.0,0.0,-1,1,0
-1,59,-1,1,1,1,1,,0,-1,1,0.0,0.0,0.0,0,0.0,0.0,100.0,100.0,0.0,100.0,0.0,1,0,0
-1,59,-1,1,1,1,1,,0,-1,1,0.0,0.0,0.0,0,0.0,0.0,100.0,100.0,0.0,100.0,0.0,1,0,0
-1,65,1,1,1,1,2,-1.0,731,1,1,100.0,0.0,0.0,0,0.0,0.0,100.0,0.0,100.0,100.0,0.0,1,1,0
-1,64,-1,1,1,1,2,-1.0,731,1,1,100.0,0.0,0.0,0,0.0,0.0,100.0,0.0,100.0,100.0,0.0,1,1,0
1,59,-1,1,1,1,5,-1.0,365,-1,1,0.0,0.0,0.0,0,0.0,0.0,0.0,0.0,0.0,0.0,0.0,0,1,0
-1,56,1,1,1,1,1,,731,-1,1,0.0,0.0,0.0,0,0.0,0.0,100.0,100.0,0.0,100.0,0.0,1,1,0
-1,54,-1,1,1,1,1,,731,-1,1,0.0,0.0,0.0,0,0.0,0.0,100.0,100.0,0.0,100.0,0.0,1,1,0
-1,56,1,1,1,1,1,,731,-1,1,0.0,0.0,0.0,0,0.0,0.0,100.0,100.0,0.0,100.0,0.0,1,1,0
-1,54,-1,1,1,1,1,,731,-1,1,0.0,0.0,0.0,0,0.0,0.0,100.0,100.0,0.0,100.0,0.0,1,1,0
1,34,1,1,1,1,1,-1.0,0,1,1,100.0,0.0,0.0,0,0.0,0.0,100.0,0.0,90.909,100.0,0.0,1,0,0
-1,45,1,1,1,1,2,,0,-1,1,100.0,0.0,0.0,0,0.0,0.0,20.0,100.0,100.0,100.0,0.0,1,1,0
1,55,-1,1,1,1,1,-1.0,365,-1,1,0.0,0.0,0.0,0,0.0,0.0,0.0,0.0,0.0,100.0,0.0,0,1,0
-1,58,1,1,1,1,1,,0,-1,1,100.0,0.0,0.0,0,0.0,0.0,100.0,0.0,100.0,100.0,0.0,1,1,0
-1,57,-1,1,1,1,1,,0,-1,1,100.0,0.0,0.0,0,0.0,0.0,100.0,0.0,100.0,100.0,0.0,1,0,0
-1,88,1,1,1,1,2,,0,-1,1,100.0,0.0,0.0,0,0.0,100.0,98.485,100.0,100.0,100.0,0.0,1,0,0
1,65,-1,1,1,1,1,,731,-1,1,0.0,0.0,0.0,0,0.0,0.0,0.0,0.0,0.0,100.0,0.0,-1,1,0
1,30,-1,1,1,1,1,,731,-1,1,0.0,0.0,0.0,0,0.0,0.0,0.0,0.0,0.0,100.0,0.0,-1,1,0
-1,100,1,1,1,1,4,-1.0,2922,-1,1,100.0,0.0,0.0,0,0.0,0.0,100.0,0.0,0.0,100.0,0.0,1,1,0
1,68,-1,1,1,1,2,,3653,-1,1,100.0,0.0,0.0,0,100.0,0.0,99.424,100.0,100.0,100.0,0.0,1,1,0
1,67,-1,1,1,1,2,,3653,-1,1,100.0,0.0,0.0,0,100.0,0.0,99.424,100.0,100.0,100.0,0.0,1,1,0
-1,96,1,1,1,1,3,-1.0,2922,-1,1,100.0,0.0,0.0,0,0.0,0.0,100.0,0.0,0.0,100.0,0.0,1,1,0
-1,64,1,1,1,1,2,-1.0,7670,-1,1,66.67,0.0,0.0,0,0.0,0.0,9.091,100.0,100.0,100.0,0.0,1,1,0
-1,64,1,1,1,1,2,-1.0,7670,-1,1,66.67,0.0,0.0,0,0.0,0.0,9.091,100.0,100.0,100.0,0.0,1,1,0
-1,65,1,1,1,1,2,-1.0,7670,-1,1,66.67,0.0,0.0,0,0.0,0.0,9.091,100.0,100.0,100.0,0.0,1,1,0
-1,64,1,1,1,1,2,-1.0,7670,-1,1,66.67,0.0,0.0,0,0.0,0.0,9.091,100.0,100.0,100.0,0.0,1,1,0
-1,62,1,1,1,1,2,-1.0,7670,-1,1,100.0,0.0,0.0,0,0.0,0.0,100.0,100.0,100.0,100.0,0.0,1,1,0
-1,58,1,1,1,1,1,,0,-1,1,100.0,0.0,0.0,0,0.0,0.0,100.0,0.0,100.0,100.0,0.0,1,1,0
-1,57,-1,1,1,1,1,,0,-1,1,100.0,0.0,0.0,0,0.0,0.0,100.0,0.0,100.0,100.0,0.0,1,0,0
1,57,1,1,1,1,1,-1.0,365,-1,1,100.0,0.0,0.0,0,0.0,0.0,100.0,0.0,100.0,100.0,0.0,1,1,0
-1,64,1,1,1,1,2,-1.0,7670,-1,1,66.67,0.0,0.0,0,0.0,0.0,9.091,100.0,100.0,100.0,0.0,1,1,0
-1,64,1,1,1,1,2,-1.0,7670,-1,1,66.67,0.0,0.0,0,0.0,0.0,9.091,100.0,100.0,100.0,0.0,1,1,0
-1,64,1,1,1,1,2,-1.0,7670,-1,1,66.67,0.0,0.0,0,0.0,0.0,9.091,100.0,100.0,100.0,0.0,1,1,0
-1,64,1,1,1,1,2,-1.0,7670,-1,1,66.67,0.0,0.0,0,0.0,0.0,9.091,100.0,100.0,100.0,0.0,1,1,0
-1,64,1,1,1,1,2,-1.0,7670,-1,1,66.67,0.0,0.0,0,0.0,0.0,9.091,100.0,100.0,100.0,0.0,1,1,0
1,48,1,1,1,1,2,1.0,7670,1,1,0.0,0.0,0.0,0,0.0,100.0,33.333,0.0,0.0,85.714,0.0,1,1,0
-1,77,1,1,1,1,3,,365,-1,1,0.0,0.0,0.0,0,0.0,0.0,0.0,0.0,0.0,0.0,0.0,0,1,0
1,25,1,1,1,1,1,,365,-1,1,0.0,0.0,0.0,0,0.0,0.0,0.0,0.0,0.0,0.0,0.0,0,1,0
1,26,1,1,1,1,1,,365,-1,1,0.0,0.0,0.0,0,0.0,0.0,0.0,0.0,0.0,0.0,0.0,0,1,0
1,53,1,1,1,1,1,-1.0,1826,-1,1,100.0,0.0,0.0,0,0.0,0.0,100.0,0.0,100.0,100.0,0.0,1,1,0
1,25,1,1,1,1,1,0.0,0,-1,1,100.0,0.0,0.0,0,0.0,0.0,80.0,0.0,100.0,100.0,0.0,1,0,0
-1,84,1,1,1,1,3,,365,-1,1,0.0,0.0,0.0,0,0.0,0.0,0.0,0.0,0.0,0.0,0.0,0,1,0
-1,99,1,1,1,1,2,,11322,-1,1,100.0,0.0,0.0,0,0.0,0.0,300.0,100.0,100.0,100.0,0.0,1,1,0
-1,111,1,1,1,1,2,,11322,-1,1,100.0,0.0,0.0,0,0.0,0.0,0.0,100.0,100.0,100.0,0.0,1,1,0
-1,114,1,1,1,1,2,,11322,-1,1,100.0,0.0,0.0,0,0.0,0.0,0.0,100.0,100.0,100.0,0.0,1,1,0
-1,112,1,1,1,1,2,0.0,0,-1,1,0.0,0.0,0.0,0,0.0,0.0,0.0,0.0,0.0,0.0,0.0,0,0,0
-1,56,1,1,1,1,3,,0,-1,1,0.0,0.0,0.0,0,0.0,100.0,86.667,100.0,100.0,87.5,0.0,1,0,0
1,40,1,1,1,1,2,0.0,3286,1,1,100.0,0.0,0.0,0,0.0,20.0,13.208,100.0,100.0,100.0,0.0,1,1,0
1,40,-1,1,1,1,1,0.0,5844,1,1,0.0,0.0,0.0,0,0.0,0.0,0.0,0.0,100.0,100.0,0.0,0,1,0
1,53,0,1,1,1,2,1.0,365,0,1,0.0,0.0,0.0,0,0.0,0.0,0.0,0.0,0.0,0.0,0.0,0,1,0
1,59,0,1,1,1,2,1.0,0,0,1,0.0,0.0,0.0,0,0.0,0.0,0.0,0.0,0.0,0.0,0.0,0,0,0
-1,27,1,1,1,1,4,1.0,1461,1,1,0.0,0.0,0.0,0,0.0,100.0,11.957,0.0,100.0,92.857,0.0,1,1,0
1,37,1,1,1,1,1,-1.0,365,-1,1,0.0,0.0,0.0,0,0.0,0.0,0.0,0.0,0.0,0.0,0.0,0,1,0
-1,127,-1,1,1,1,4,0.0,3287,1,1,0.0,0.0,0.0,0,0.0,0.0,67.647,0.0,100.0,100.0,0.0,1,1,0
-1,55,1,1,1,1,3,-1.0,2922,-1,1,100.0,0.0,0.0,0,0.0,100.0,69.88,0.0,0.0,100.0,0.0,1,1,0
1,30,0,1,1,1,2,1.0,365,0,1,0.0,0.0,0.0,0,0.0,0.0,0.0,0.0,0.0,0.0,0.0,0,1,0
1,54,-1,1,1,1,1,1.0,0,-1,1,41.18,0.0,0.0,0,0.0,0.0,911.765,100.0,100.0,100.0,0.0,1,-1,0
1,44,1,1,1,1,1,0.0,2192,-1,1,0.0,0.0,0.0,0,0.0,0.0,0.0,0.0,0.0,0.0,0.0,0,1,0
-1,91,1,1,1,1,2,-1.0,2557,-1,1,0.0,0.0,0.0,0,0.0,0.0,0.0,0.0,0.0,0.0,0.0,0,1,0
1,20,1,1,1,1,1,0.0,0,1,1,7.69,0.0,0.0,0,0.0,0.0,16.129,0.0,27.273,14.815,0.0,1,0,0
-1,56,-1,1,1,1,1,,0,-1,1,0.0,0.0,0.0,0,0.0,0.0,100.0,0.0,0.0,100.0,0.0,-1,0,0
-1,53,-1,-1,1,-1,3,0.0,2192,1,1,0.0,0.0,0.0,0,0.0,0.0,0.0,0.0,0.0,100.0,0.0,0,1,0
1,41,1,1,1,1,2,-1.0,0,-1,1,0.0,0.0,0.0,0,0.0,0.0,0.0,0.0,0.0,0.0,0.0,0,1,0
1,53,1,1,1,1,1,-1.0,365,-1,1,0.0,0.0,0.0,0,0.0,0.0,0.0,0.0,0.0,0.0,0.0,0,1,0
1,32,1,1,1,1,2,,365,-1,1,0.0,0.0,0.0,0,0.0,0.0,0.0,0.0,0.0,0.0,0.0,0,1,0
1,33,1,1,1,1,2,,365,-1,1,0.0,0.0,0.0,0,0.0,0.0,0.0,0.0,0.0,0.0,0.0,0,1,0
1,34,1,1,1,1,2,,365,-1,1,0.0,0.0,0.0,0,0.0,0.0,0.0,0.0,0.0,0.0,0.0,0,1,0
1,33,1,1,1,1,2,,365,-1,1,0.0,0.0,0.0,0,0.0,0.0,0.0,0.0,0.0,0.0,0.0,0,1,0
-1,29,-1,1,1,1,1,-1.0,4017,1,1,0.0,0.0,0.0,0,0.0,0.0,100.0,0.0,100.0,100.0,0.0,1,1,0
-1,361,-1,1,1,1,5,,0,-1,1,0.0,0.0,0.0,0,0.0,0.0,0.0,0.0,0.0,0.0,0.0,0,0,0
1,88,1,1,1,1,1,-1.0,2192,-1,1,100.0,0.0,0.0,0,0.0,0.0,100.0,0.0,100.0,100.0,0.0,1,1,0
1,33,1,1,1,1,2,-1.0,3653,-1,1,25.0,0.0,0.0,0,0.0,0.0,65.278,66.667,100.0,100.0,0.0,1,1,0
1,68,-1,-1,1,1,3,,0,1,1,0.0,0.0,0.0,0,0.0,100.0,17.5,4.167,0.0,18.182,0.0,1,0,0
-1,67,1,1,1,1,3,,0,-1,1,0.0,0.0,0.0,0,0.0,0.0,0.0,0.0,0.0,0.0,0.0,0,0,0
1,49,-1,1,1,1,2,,11322,-1,1,100.0,0.0,0.0,0,0.0,0.0,0.0,0.0,0.0,0.0,0.0,-1,1,0
1,83,1,-1,1,1,1,1.0,3653,-1,1,0.0,0.0,0.0,0,0.0,0.0,0.0,0.0,0.0,0.0,0.0,0,1,0
1,25,1,1,1,1,2,,365,1,1,100.0,0.0,0.0,0,0.0,0.0,12.963,0.0,100.0,75.0,0.0,1,1,0
1,32,1,1,1,1,2,0.0,0,-1,1,0.0,0.0,0.0,0,0.0,0.0,0.0,0.0,0.0,0.0,0.0,0,0,0
1,19,-1,1,1,1,2,,0,-1,1,0.0,0.0,0.0,0,0.0,0.0,14.286,10.145,20.0,5.556,0.0,1,0,0
1,18,1,1,1,1,2,,0,-1,1,0.0,0.0,0.0,0,0.0,0.0,14.286,10.145,20.0,5.556,0.0,1,0,0
1,58,-1,1,1,1,1,1.0,3653,-1,1,0.0,0.0,0.0,0,0.0,0.0,0.0,0.0,0.0,0.0,0.0,0,1,0
1,65,1,-1,1,1,1,1.0,3653,-1,1,0.0,0.0,0.0,0,0.0,0.0,0.0,0.0,0.0,0.0,0.0,0,1,0
1,35,1,1,1,1,2,0.0,0,-1,1,0.0,0.0,0.0,0,0.0,0.0,0.0,0.0,0.0,0.0,0.0,1,0,0
1,85,1,-1,1,1,2,-1.0,0,-1,1,100.0,0.0,0.0,0,0.0,0.0,100.0,0.0,100.0,100.0,0.0,-1,1,0
1,38,1,1,1,1,1,-1.0,365,-1,1,0.0,0.0,0.0,0,0.0,0.0,0.0,0.0,0.0,0.0,0.0,0,1,0
1,92,1,-1,1,1,2,-1.0,0,-1,1,100.0,0.0,0.0,0,0.0,0.0,100.0,0.0,100.0,100.0,0.0,-1,1,0
1,90,-1,1,1,1,1,,1096,-1,1,0.0,0.0,0.0,0,0.0,0.0,0.0,0.0,0.0,0.0,0.0,0,1,0
1,19,1,1,1,1,1,,0,-1,1,0.0,0.0,0.0,0,0.0,0.0,0.0,0.0,100.0,100.0,0.0,0,0,0
1,29,-1,1,1,1,2,,365,-1,1,0.0,0.0,0.0,0,0.0,0.0,0.0,0.0,0.0,100.0,0.0,-1,1,0
-1,126,-1,-1,1,-1,3,,0,1,1,0.0,0.0,0.0,0,0.0,0.0,80.874,100.0,100.0,100.0,0.0,1,0,0
1,81,1,1,1,1,2,0.0,1096,-1,1,0.0,0.0,0.0,0,0.0,0.0,0.0,0.0,100.0,0.0,0.0,0,1,0
-1,29,1,1,1,1,1,,365,-1,1,0.0,0.0,0.0,0,0.0,0.0,0.0,0.0,0.0,0.0,0.0,0,1,0
-1,48,1,1,1,1,1,,0,-1,1,100.0,0.0,0.0,0,0.0,0.0,0.0,0.0,100.0,0.0,0.0,0,0,0
1,39,1,1,1,1,3,,365,-1,1,0.0,0.0,0.0,0,0.0,0.0,100.0,0.0,0.0,0.0,0.0,1,1,0
1,38,1,1,1,1,3,,365,-1,1,0.0,0.0,0.0,0,0.0,0.0,100.0,0.0,0.0,0.0,0.0,1,1,0
-1,34,1,1,1,1,2,,0,1,1,0.0,0.0,0.0,0,0.0,0.0,75.0,0.0,57.143,33.333,0.0,1,0,0
1,31,1,1,1,1,2,,0,1,1,0.0,0.0,0.0,0,0.0,0.0,75.0,0.0,57.143,33.333,0.0,1,0,0
1,21,1,1,1,1,1,,2922,-1,1,0.0,0.0,0.0,0,0.0,0.0,0.0,0.0,0.0,0.0,0.0,1,1,0
1,22,1,1,1,1,1,,2922,-1,1,0.0,0.0,0.0,0,0.0,0.0,0.0,0.0,0.0,0.0,0.0,1,1,0
1,37,-1,1,1,1,2,-1.0,365,1,1,0.0,0.0,0.0,0,0.0,0.0,0.0,0.0,100.0,100.0,0.0,1,1,0
1,78,1,1,1,1,1,-1.0,7305,1,1,100.0,0.0,0.0,0,0.0,0.0,92.857,0.0,0.0,100.0,0.0,1,1,0
-1,25,-1,1,1,1,1,1.0,6575,1,1,0.0,0.0,0.0,0,0.0,0.0,150.0,0.0,0.0,100.0,0.0,1,1,0
-1,91,-1,1,1,1,2,1.0,0,-1,1,72.0,0.0,0.0,0,0.0,100.0,100.0,0.0,100.0,100.0,0.0,1,1,0
-1,82,1,1,1,1,2,1.0,0,-1,1,100.0,0.0,0.0,0,0.0,0.0,140.0,0.0,0.0,0.0,0.0,1,1,0
1,23,-1,1,1,1,1,-1.0,4017,-1,1,0.0,0.0,0.0,0,0.0,0.0,0.0,0.0,0.0,0.0,0.0,1,1,0
1,21,-1,1,1,1,1,0.0,365,-1,1,0.0,0.0,0.0,0,0.0,0.0,77.778,0.0,0.0,0.0,0.0,1,1,0
-1,72,-1,-1,-1,-1,3,-1.0,2557,1,1,0.0,0.0,0.0,0,0.0,0.0,0.0,0.0,0.0,100.0,0.0,0,1,0
-1,123,-1,1,1,1,3,,4747,1,1,100.0,0.0,0.0,0,0.0,0.0,30.612,100.0,100.0,100.0,0.0,1,1,0
1,35,1,1,1,1,1,-1.0,1096,-1,1,0.0,0.0,0.0,0,0.0,0.0,100.0,100.0,100.0,0.0,0.0,1,1,0
1,19,1,1,1,1,1,,2922,-1,1,0.0,0.0,0.0,0,0.0,0.0,0.0,0.0,0.0,0.0,0.0,1,1,0
-1,42,1,1,1,1,2,-1.0,8400,-1,1,0.0,0.0,0.0,0,0.0,0.0,83.333,0.0,100.0,91.667,0.0,1,1,0
1,102,-1,1,1,1,2,1.0,730,-1,1,0.0,0.0,0.0,0,0.0,0.0,100.0,0.0,100.0,100.0,0.0,1,1,0
1,34,1,1,1,1,1,0.0,0,-1,1,100.0,0.0,0.0,0,0.0,0.0,80.0,0.0,100.0,100.0,0.0,1,1,0
-1,85,-1,1,1,1,4,,4389,-1,1,100.0,0.0,0.0,0,0.0,0.0,88.889,0.0,0.0,100.0,0.0,1,1,0
1,76,1,1,1,1,2,0.0,0,-1,1,100.0,0.0,0.0,0,0.0,0.0,66.667,0.0,0.0,100.0,0.0,1,0,0
-1,121,1,1,1,1,5,,4389,-1,1,100.0,0.0,0.0,0,0.0,0.0,88.889,0.0,0.0,100.0,0.0,1,1,0
-1,84,-1,1,1,1,4,,4389,-1,1,100.0,0.0,0.0,0,0.0,0.0,88.889,0.0,0.0,100.0,0.0,1,1,0
1,32,1,1,1,1,1,1.0,0,-1,1,0.0,0.0,0.0,0,0.0,0.0,0.0,0.0,0.0,0.0,0.0,0,0,0
1,55,1,1,1,1,1,-1.0,1096,-1,1,100.0,0.0,0.0,0,0.0,0.0,100.0,0.0,100.0,100.0,0.0,1,1,0
-1,64,1,1,1,1,2,-1.0,7670,-1,1,66.67,0.0,0.0,0,0.0,0.0,9.091,100.0,100.0,100.0,0.0,1,1,0
-1,64,1,1,1,1,2,-1.0,7670,-1,1,66.67,0.0,0.0,0,0.0,0.0,9.091,100.0,100.0,100.0,0.0,1,1,0
1,60,1,1,1,1,1,-1.0,731,-1,1,100.0,0.0,0.0,0,0.0,0.0,100.0,0.0,100.0,100.0,0.0,1,1,0
1,27,-1,1,1,1,2,,365,-1,1,0.0,0.0,0.0,0,0.0,0.0,0.0,0.0,0.0,100.0,0.0,-1,1,0
1,63,1,-1,1,1,1,,1096,-1,1,0.0,0.0,0.0,0,0.0,0.0,0.0,0.0,0.0,0.0,0.0,0,1,0
1,107,1,-1,-1,1,2,0.0,365,-1,1,0.0,0.0,0.0,0,0.0,0.0,0.0,0.0,0.0,0.0,0.0,0,1,0
-1,60,1,-1,1,-1,2,-1.0,365,-1,1,0.0,0.0,0.0,0,0.0,0.0,0.0,0.0,100.0,100.0,0.0,0,1,0
-1,132,1,1,1,1,3,-1.0,8036,-1,1,0.0,0.0,0.0,0,0.0,0.0,0.0,100.0,100.0,100.0,0.0,0,1,0
-1,132,1,1,1,1,3,-1.0,8036,-1,1,0.0,0.0,0.0,0,0.0,0.0,0.0,100.0,100.0,100.0,0.0,0,1,0
-1,59,-1,1,1,1,1,,0,-1,1,0.0,0.0,0.0,0,0.0,0.0,100.0,100.0,0.0,100.0,0.0,1,0,0
1,41,1,1,1,1,2,0.0,2922,1,1,100.0,0.0,0.0,0,0.0,0.0,70.0,0.0,0.0,100.0,0.0,1,1,0
1,39,1,1,1,1,1,,365,-1,1,0.0,0.0,0.0,0,0.0,0.0,0.0,0.0,100.0,100.0,0.0,0,1,0
1,48,1,1,1,1,1,,0,-1,1,0.0,0.0,0.0,0,0.0,0.0,0.0,0.0,100.0,100.0,0.0,0,1,0
1,32,1,1,1,1,2,0.0,0,0,1,0.0,0.0,0.0,0,0.0,0.0,0.0,0.0,0.0,0.0,0.0,0,0,0
-1,71,1,1,1,1,6,0.0,6209,-1,1,0.0,0.0,0.0,0,0.0,0.0,42.857,0.0,0.0,10.0,0.0,1,1,0
-1,78,-1,1,1,1,6,0.0,6209,-1,1,0.0,0.0,0.0,0,0.0,0.0,0.0,0.0,0.0,0.0,0.0,0,1,0
1,44,1,1,1,1,2,0.0,0,1,1,0.0,0.0,0.0,0,0.0,0.0,11.538,0.0,0.0,83.333,0.0,1,1,0
1,43,1,1,1,1,2,0.0,0,1,1,0.0,0.0,0.0,0,0.0,0.0,11.538,0.0,0.0,83.333,0.0,1,1,0
1,42,1,1,1,1,2,0.0,0,1,1,0.0,0.0,0.0,0,0.0,0.0,11.538,0.0,0.0,83.333,0.0,1,1,0
1,43,1,1,1,1,2,0.0,0,1,1,0.0,0.0,0.0,0,0.0,0.0,11.538,0.0,0.0,83.333,0.0,1,1,0
1,42,1,1,1,1,2,0.0,2922,1,1,100.0,0.0,0.0,0,0.0,0.0,70.0,0.0,0.0,100.0,0.0,1,1,0
-1,110,1,1,1,1,3,1.0,3653,1,1,100.0,0.0,0.0,0,0.0,0.0,100.0,0.0,0.0,100.0,50.0,1,1,0
1,53,1,1,1,1,2,-1.0,0,-1,1,100.0,0.0,0.0,0,0.0,0.0,100.0,0.0,0.0,100.0,0.0,1,0,0
-1,106,-1,1,1,1,2,,0,-1,1,100.0,100.0,0.0,0,0.0,100.0,340.0,100.0,100.0,100.0,0.0,1,-1,0
-1,87,1,1,1,1,2,,0,-1,1,100.0,100.0,0.0,0,0.0,100.0,28.0,100.0,100.0,100.0,0.0,1,0,0
-1,80,1,1,1,1,1,-1.0,365,1,1,100.0,0.0,0.0,0,0.0,0.0,100.0,0.0,0.0,100.0,0.0,1,1,0
-1,79,-1,1,1,1,1,-1.0,365,1,1,100.0,0.0,0.0,0,0.0,0.0,100.0,0.0,0.0,100.0,0.0,1,1,0
-1,96,1,1,1,1,3,-1.0,2922,-1,1,100.0,0.0,0.0,0,0.0,0.0,100.0,0.0,0.0,100.0,0.0,1,1,0
-1,123,1,1,1,1,5,,4389,-1,1,100.0,0.0,0.0,0,0.0,0.0,88.889,0.0,0.0,100.0,0.0,1,1,0
1,90,1,1,1,1,2,,0,1,1,100.0,0.0,0.0,0,0.0,0.0,100.0,0.0,0.0,100.0,0.0,1,1,0
-1,79,-1,1,1,1,6,0.0,6209,-1,1,0.0,0.0,0.0,0,0.0,0.0,0.0,0.0,0.0,0.0,0.0,0,1,0
-1,77,-1,1,1,1,6,0.0,6209,-1,1,0.0,0.0,0.0,0,0.0,0.0,0.0,0.0,0.0,0.0,0.0,0,1,0
-1,47,1,1,1,1,2,-1.0,0,-1,1,100.0,0.0,0.0,0,0.0,0.0,100.0,100.0,100.0,100.0,0.0,1,0,0
-1,46,1,1,1,1,2,-1.0,0,-1,1,100.0,0.0,0.0,0,0.0,0.0,100.0,100.0,100.0,100.0,0.0,1,0,0
1,94,1,-1,1,1,1,,365,-1,1,0.0,0.0,0.0,0,0.0,0.0,0.0,0.0,0.0,0.0,0.0,0,1,0
-1,55,-1,1,1,1,2,,11322,-1,1,100.0,0.0,0.0,0,0.0,0.0,0.0,0.0,0.0,0.0,0.0,-1,1,0
-1,34,1,1,1,1,1,,365,-1,1,0.0,0.0,0.0,0,0.0,0.0,0.0,0.0,0.0,0.0,0.0,0,1,0
-1,35,1,1,1,1,1,,365,-1,1,0.0,0.0,0.0,0,0.0,0.0,0.0,0.0,0.0,0.0,0.0,0,1,0
-1,21,-1,1,1,1,1,1.0,5113,1,1,0.0,0.0,0.0,0,0.0,0.0,100.0,0.0,0.0,100.0,0.0,1,1,0
1,44,1,1,1,1,2,1.0,0,1,1,10.0,0.0,0.0,0,0.0,0.0,3.448,100.0,100.0,100.0,0.0,1,0,0
1,43,1,1,1,1,2,1.0,0,1,1,10.0,0.0,0.0,0,0.0,0.0,3.448,100.0,100.0,100.0,0.0,1,0,0
-1,33,-1,1,1,1,2,0.0,6940,1,1,0.0,0.0,0.0,0,0.0,100.0,85.714,100.0,100.0,100.0,0.0,1,1,0
1,27,1,1,1,1,2,1.0,0,1,1,0.0,0.0,0.0,0,0.0,0.0,0.0,0.0,100.0,100.0,0.0,0,0,0
1,21,1,1,1,1,1,1.0,0,1,1,0.0,0.0,0.0,0,0.0,0.0,0.0,0.0,100.0,100.0,0.0,0,0,0
1,65,1,-1,1,1,1,,1826,-1,1,0.0,0.0,0.0,0,0.0,0.0,0.0,0.0,0.0,0.0,0.0,0,1,0
-1,82,1,1,1,1,3,,365,-1,1,0.0,0.0,0.0,0,0.0,0.0,0.0,0.0,0.0,0.0,0.0,0,1,0
1,61,1,1,1,1,1,1.0,1461,-1,1,0.0,0.0,0.0,0,0.0,0.0,0.0,0.0,0.0,0.0,0.0,0,1,0
-1,107,1,1,1,1,2,-1.0,3287,-1,1,100.0,0.0,100.0,0,0.0,100.0,129.787,100.0,100.0,91.304,0.0,1,1,0
1,38,1,1,1,1,1,0.0,2922,1,1,100.0,0.0,0.0,0,0.0,0.0,70.0,0.0,0.0,100.0,0.0,1,1,0
1,34,1,1,1,1,1,-1.0,365,-1,1,0.0,0.0,0.0,0,0.0,0.0,100.0,0.0,0.0,0.0,0.0,1,1,0
1,30,-1,1,1,1,2,0.0,10227,1,1,9.38,0.0,0.0,0,0.0,100.0,18.677,2.538,9.722,9.211,0.0,1,1,0
-1,53,1,1,1,1,3,-1.0,1826,1,1,0.0,0.0,0.0,0,0.0,0.0,0.0,0.0,100.0,100.0,0.0,0,1,0
-1,60,1,1,1,1,1,,0,-1,1,0.0,0.0,0.0,0,0.0,0.0,100.0,100.0,0.0,100.0,0.0,1,0,0
-1,55,-1,1,1,1,1,,731,-1,1,0.0,0.0,0.0,0,0.0,0.0,100.0,100.0,0.0,100.0,0.0,1,1,0
-1,82,1,1,1,1,5,,2557,-1,1,100.0,0.0,0.0,0,0.0,0.0,100.0,0.0,0.0,0.0,0.0,1,1,0
1,22,1,1,1,1,1,,365,-1,1,0.0,0.0,0.0,0,0.0,0.0,0.0,0.0,100.0,100.0,0.0,0,0,0
1,73,1,1,1,1,3,-1.0,0,-1,1,100.0,0.0,0.0,0,0.0,0.0,100.0,0.0,100.0,100.0,0.0,1,0,0
1,72,1,1,1,1,3,-1.0,0,-1,1,100.0,0.0,0.0,0,0.0,0.0,100.0,0.0,100.0,100.0,0.0,1,0,0
1,74,1,1,1,1,3,-1.0,0,-1,1,100.0,0.0,0.0,0,0.0,0.0,100.0,0.0,100.0,100.0,0.0,1,0,0
-1,65,-1,1,1,1,14,-1.0,365,-1,1,100.0,0.0,0.0,0,0.0,0.0,0.0,100.0,100.0,100.0,0.0,1,1,0
1,57,1,1,1,1,1,-1.0,1461,1,1,0.0,0.0,0.0,0,0.0,0.0,0.0,100.0,0.0,10.714,0.0,1,1,0
-1,129,1,1,1,1,3,-1.0,4748,-1,1,0.0,0.0,0.0,0,0.0,0.0,0.0,0.0,0.0,0.0,0.0,0,1,0
-1,128,-1,1,1,1,3,-1.0,4748,-1,1,0.0,0.0,0.0,0,0.0,0.0,0.0,0.0,0.0,0.0,0.0,0,1,0
-1,129,1,1,1,1,3,-1.0,4748,-1,1,0.0,0.0,0.0,0,0.0,0.0,0.0,0.0,0.0,0.0,0.0,0,1,0
-1,129,1,1,1,1,3,-1.0,4748,-1,1,0.0,0.0,0.0,0,0.0,0.0,0.0,0.0,0.0,0.0,0.0,0,1,0
-1,128,-1,1,1,1,3,-1.0,4748,-1,1,0.0,0.0,0.0,0,0.0,0.0,0.0,0.0,0.0,0.0,0.0,0,1,0
-1,129,1,1,1,1,3,-1.0,4748,-1,1,0.0,0.0,0.0,0,0.0,0.0,0.0,0.0,0.0,0.0,0.0,0,1,0
-1,138,1,1,1,1,4,-1.0,4748,-1,1,50.0,0.0,0.0,0,0.0,0.0,95.312,100.0,100.0,100.0,0.0,1,1,0
-1,54,-1,1,1,1,1,,731,-1,1,0.0,0.0,0.0,0,0.0,0.0,100.0,100.0,0.0,100.0,0.0,1,1,0
-1,64,1,1,1,1,2,-1.0,7670,-1,1,66.67,0.0,0.0,0,0.0,0.0,9.091,100.0,100.0,100.0,0.0,1,1,0
-1,64,1,1,1,1,2,-1.0,7670,-1,1,66.67,0.0,0.0,0,0.0,0.0,9.091,100.0,100.0,100.0,0.0,1,1,0
-1,64,1,1,1,1,2,-1.0,7670,-1,1,66.67,0.0,0.0,0,0.0,0.0,9.091,100.0,100.0,100.0,0.0,1,1,0
1,37,1,1,1,1,1,0.0,365,1,1,0.0,0.0,0.0,0,0.0,0.0,100.0,0.0,100.0,100.0,0.0,1,1,0
1,38,1,1,1,1,1,0.0,365,1,1,0.0,0.0,0.0,0,0.0,0.0,100.0,0.0,100.0,100.0,0.0,1,1,0
-1,152,-1,-1,1,-1,2,-1.0,365,-1,1,0.0,0.0,0.0,0,0.0,0.0,100.0,0.0,0.0,100.0,0.0,1,1,0
1,76,1,-1,-1,1,1,1.0,731,-1,1,0.0,0.0,0.0,0,0.0,0.0,0.0,0.0,0.0,0.0,0.0,0,1,0
1,77,1,1,-1,1,2,0.0,0,-1,1,100.0,0.0,0.0,0,0.0,0.0,66.667,0.0,0.0,100.0,0.0,1,0,0
-1,22,1,1,1,1,2,0.0,1461,-1,1,0.0,0.0,0.0,0,0.0,0.0,0.0,100.0,100.0,0.0,0.0,0,1,0
1,97,1,-1,1,1,2,,0,1,1,100.0,0.0,0.0,0,0.0,0.0,100.0,0.0,0.0,100.0,0.0,1,1,0
-1,37,1,1,1,1,2,,3653,-1,1,0.0,0.0,0.0,0,0.0,0.0,0.0,0.0,0.0,0.0,0.0,0,1,0
-1,80,1,1,1,1,3,,365,-1,1,0.0,0.0,0.0,0,0.0,0.0,0.0,0.0,0.0,0.0,0.0,0,1,0
-1,124,-1,1,1,1,8,-1.0,5114,-1,1,0.0,0.0,0.0,0,0.0,0.0,0.0,0.0,0.0,100.0,0.0,0,1,0
-1,125,1,1,1,1,8,-1.0,5114,-1,1,0.0,0.0,0.0,0,0.0,0.0,0.0,0.0,0.0,100.0,0.0,0,1,0
1,70,1,1,1,1,2,0.0,3287,1,1,100.0,0.0,0.0,0,0.0,0.0,100.0,0.0,0.0,100.0,0.0,1,1,0
-1,96,-1,-1,1,-1,4,,0,-1,1,0.0,0.0,0.0,0,0.0,0.0,100.0,0.0,0.0,100.0,0.0,-1,0,0
-1,138,1,1,1,1,4,-1.0,4748,-1,1,50.0,0.0,0.0,0,0.0,0.0,95.312,100.0,100.0,100.0,0.0,1,1,0
-1,138,1,1,1,1,4,-1.0,4748,-1,1,50.0,0.0,0.0,0,0.0,0.0,95.312,100.0,100.0,100.0,0.0,1,1,0
-1,64,1,1,1,1,2,-1.0,0,-1,1,66.67,0.0,0.0,0,0.0,0.0,9.091,100.0,100.0,100.0,0.0,1,1,0
-1,38,1,1,1,1,1,0.0,365,1,1,0.0,0.0,0.0,0,0.0,0.0,100.0,0.0,100.0,100.0,0.0,1,1,0
-1,39,1,1,1,1,1,0.0,365,1,1,0.0,0.0,0.0,0,0.0,0.0,100.0,0.0,100.0,100.0,0.0,1,1,0
-1,38,1,1,1,1,1,0.0,365,1,1,0.0,0.0,0.0,0,0.0,0.0,100.0,0.0,100.0,100.0,0.0,1,1,0
-1,38,1,1,1,1,2,,3653,-1,1,0.0,0.0,0.0,0,0.0,0.0,0.0,0.0,0.0,0.0,0.0,0,1,0
-1,36,1,1,1,1,2,,3653,-1,1,0.0,0.0,0.0,0,0.0,0.0,0.0,0.0,0.0,0.0,0.0,0,1,0
-1,17,1,1,1,1,1,0.0,4018,1,1,0.0,0.0,0.0,0,0.0,0.0,0.0,0.0,100.0,100.0,0.0,0,1,0
1,18,1,1,1,1,1,,2922,-1,1,0.0,0.0,0.0,0,0.0,0.0,0.0,0.0,0.0,0.0,0.0,1,1,0
-1,57,1,1,1,1,1,-1.0,731,-1,1,0.0,0.0,0.0,0,0.0,0.0,0.0,0.0,0.0,0.0,0.0,0,1,0
1,41,1,1,1,1,2,-1.0,731,-1,1,0.0,0.0,0.0,0,0.0,0.0,100.0,0.0,0.0,0.0,0.0,1,1,0
1,61,-1,1,1,1,1,1.0,3287,1,1,100.0,0.0,0.0,0,0.0,0.0,0.0,0.0,0.0,100.0,0.0,0,1,0
-1,38,1,1,1,1,2,,0,-1,1,100.0,0.0,0.0,0,0.0,0.0,100.0,100.0,100.0,100.0,0.0,1,0,0
-1,218,1,1,1,1,3,,1096,-1,1,0.0,0.0,0.0,0,0.0,0.0,0.0,0.0,0.0,0.0,0.0,0,1,0
1,59,1,1,1,1,1,0.0,730,1,1,0.0,0.0,0.0,0,0.0,0.0,100.0,0.0,100.0,100.0,0.0,1,1,0
-1,70,0,1,1,1,3,0.0,0,0,1,0.0,0.0,0.0,0,0.0,0.0,0.0,0.0,0.0,0.0,0.0,0,1,0
-1,33,1,1,1,1,2,0.0,0,-1,1,50.0,0.0,0.0,0,0.0,0.0,100.0,66.667,100.0,91.667,0.0,1,0,0
1,98,1,1,-1,1,5,1.0,3653,-1,1,100.0,0.0,0.0,0,0.0,0.0,100.0,100.0,100.0,100.0,0.0,1,1,0
-1,25,-1,1,1,1,1,1.0,6575,1,1,0.0,0.0,0.0,0,0.0,0.0,150.0,0.0,0.0,100.0,0.0,1,1,0
1,22,1,1,1,1,1,,365,-1,1,0.0,0.0,0.0,0,0.0,0.0,0.0,0.0,0.0,0.0,0.0,0,1,0
1,38,1,1,1,1,2,0.0,365,-1,1,0.0,0.0,0.0,0,0.0,0.0,0.0,100.0,0.0,0.0,0.0,0,1,0
-1,47,1,1,1,1,2,,1826,-1,1,100.0,0.0,0.0,0,0.0,100.0,14.286,0.0,100.0,100.0,0.0,1,1,0
-1,154,1,-1,1,-1,6,,0,-1,1,0.0,0.0,0.0,0,0.0,0.0,0.0,0.0,0.0,0.0,0.0,0,0,0
1,38,1,1,1,1,3,1.0,0,-1,1,100.0,0.0,0.0,0,0.0,0.0,100.0,100.0,100.0,100.0,0.0,1,0,0
1,33,1,1,1,1,1,,365,-1,1,0.0,0.0,0.0,0,0.0,0.0,0.0,0.0,0.0,0.0,0.0,0,1,0
1,48,1,1,1,1,2,,365,-1,1,0.0,0.0,0.0,0,0.0,0.0,0.0,0.0,100.0,100.0,0.0,0,1,0
-1,525,1,1,1,1,2,-1.0,365,1,1,0.0,0.0,0.0,0,0.0,0.0,100.0,0.0,0.0,100.0,0.0,1,1,0
-1,59,-1,1,1,1,8,-1.0,365,-1,1,100.0,0.0,0.0,0,0.0,0.0,0.0,100.0,100.0,100.0,0.0,1,1,0
1,58,-1,1,1,1,1,1.0,3287,1,1,100.0,0.0,0.0,0,0.0,0.0,0.0,0.0,0.0,100.0,0.0,0,1,0
-1,88,0,1,1,1,7,0.0,365,0,-1,0.0,0.0,0.0,0,0.0,0.0,0.0,0.0,0.0,0.0,0.0,0,1,0
-1,87,0,1,1,1,7,0.0,365,0,-1,0.0,0.0,0.0,0,0.0,0.0,0.0,0.0,0.0,0.0,0.0,0,1,0
-1,65,1,1,1,1,2,-1.0,7670,-1,1,66.67,0.0,0.0,0,0.0,0.0,9.091,100.0,100.0,100.0,0.0,1,1,0
1,39,1,1,1,1,1,-1.0,365,-1,1,100.0,0.0,0.0,0,0.0,0.0,100.0,0.0,0.0,0.0,0.0,1,1,0
-1,79,1,1,1,1,2,-1.0,3287,-1,1,0.0,0.0,0.0,0,0.0,0.0,0.0,0.0,0.0,0.0,0.0,0,1,0
-1,96,1,1,1,1,3,-1.0,2922,-1,1,100.0,0.0,0.0,0,0.0,0.0,100.0,0.0,0.0,100.0,0.0,1,1,0
1,57,1,1,1,1,2,,365,-1,1,0.0,0.0,0.0,0,0.0,0.0,0.0,0.0,100.0,100.0,0.0,0,1,0
1,38,1,1,1,1,1,,730,-1,1,0.0,0.0,0.0,0,0.0,0.0,0.0,0.0,0.0,0.0,0.0,0,1,0
-1,60,1,1,1,1,3,1.0,0,-1,1,100.0,0.0,0.0,0,0.0,0.0,0.0,0.0,100.0,100.0,0.0,1,0,0
1,40,1,1,1,1,1,0.0,1461,1,1,100.0,0.0,0.0,0,0.0,0.0,2.041,0.0,5.0,40.0,0.0,1,1,0
1,41,1,1,1,1,1,-1.0,2557,-1,1,0.0,0.0,0.0,0,0.0,0.0,0.0,0.0,0.0,0.0,0.0,0,1,0
-1,102,1,-1,1,-1,7,1.0,1461,-1,1,0.0,0.0,0.0,0,0.0,0.0,0.0,0.0,0.0,0.0,0.0,0,1,0
1,42,1,1,1,1,1,-1.0,2557,-1,1,0.0,0.0,0.0,0,0.0,0.0,0.0,0.0,0.0,0.0,0.0,0,1,0
1,17,1,1,1,1,1,1.0,0,1,1,86.67,0.0,0.0,0,0.0,0.0,33.333,50.0,0.0,100.0,0.0,1,0,0
1,34,1,1,1,1,2,,365,-1,1,20.0,0.0,0.0,0,0.0,0.0,50.0,0.0,0.0,0.0,0.0,1,1,0
-1,50,1,1,1,1,1,,1096,-1,1,0.0,0.0,0.0,0,0.0,0.0,0.0,0.0,0.0,0.0,0.0,0,1,0
-1,108,1,1,1,1,2,,0,-1,1,100.0,0.0,0.0,0,0.0,100.0,100.0,100.0,100.0,100.0,0.0,1,0,0
1,28,1,1,1,1,1,,0,-1,1,0.0,0.0,0.0,0,0.0,0.0,0.0,0.0,100.0,100.0,0.0,0,0,0
1,55,-1,1,1,1,1,1.0,3287,1,1,100.0,0.0,0.0,0,0.0,0.0,0.0,0.0,0.0,100.0,0.0,0,1,0
-1,213,0,1,1,1,3,0.0,365,0,1,0.0,0.0,0.0,0,0.0,0.0,0.0,0.0,0.0,0.0,0.0,0,1,0
-1,87,0,1,1,1,7,0.0,365,0,-1,0.0,0.0,0.0,0,0.0,0.0,0.0,0.0,0.0,0.0,0.0,0,1,0
-1,81,-1,1,1,1,5,0.0,0,-1,-1,100.0,0.0,0.0,0,0.0,100.0,88.889,0.0,100.0,100.0,0.0,1,1,0
1,29,1,1,1,1,1,-1.0,730,-1,1,0.0,0.0,0.0,0,0.0,0.0,80.0,0.0,0.0,0.0,0.0,1,1,0
1,28,-1,1,1,1,1,-1.0,730,-1,1,0.0,0.0,0.0,0,0.0,0.0,80.0,0.0,0.0,0.0,0.0,1,1,0
-1,65,1,1,1,1,2,-1.0,7670,-1,1,66.67,0.0,0.0,0,0.0,0.0,9.091,100.0,100.0,100.0,0.0,1,1,0
-1,65,1,1,1,1,2,-1.0,7670,-1,1,66.67,0.0,0.0,0,0.0,0.0,9.091,100.0,100.0,100.0,0.0,1,1,0
-1,65,1,1,1,1,2,-1.0,7670,-1,1,66.67,0.0,0.0,0,0.0,0.0,9.091,100.0,100.0,100.0,0.0,1,1,0
-1,64,1,1,1,1,2,-1.0,7670,-1,1,66.67,0.0,0.0,0,0.0,0.0,9.091,100.0,100.0,100.0,0.0,1,1,0
1,53,1,1,1,1,1,0.0,365,1,1,0.0,0.0,0.0,0,0.0,0.0,100.0,0.0,100.0,100.0,0.0,1,1,0
-1,119,1,1,1,1,5,,1096,-1,1,0.0,0.0,0.0,0,0.0,0.0,0.0,0.0,0.0,0.0,0.0,0,1,0
1,46,1,1,1,1,1,,1826,-1,1,0.0,0.0,0.0,0,0.0,0.0,0.0,0.0,0.0,0.0,0.0,0,1,0
1,45,1,1,1,1,1,,1826,-1,1,0.0,0.0,0.0,0,0.0,0.0,0.0,0.0,0.0,0.0,0.0,0,1,0
1,82,1,1,1,1,1,-1.0,365,-1,1,100.0,0.0,0.0,0,0.0,0.0,100.0,0.0,100.0,100.0,0.0,1,1,0
-1,37,-1,1,1,1,3,-1.0,3287,-1,1,0.0,0.0,0.0,0,0.0,0.0,0.0,0.0,0.0,100.0,0.0,1,1,0
-1,29,-1,1,1,1,1,-1.0,4017,1,1,0.0,0.0,0.0,0,0.0,0.0,100.0,0.0,100.0,100.0,0.0,1,1,0
-1,97,1,-1,1,-1,4,,2192,1,1,0.0,0.0,0.0,0,0.0,0.0,0.0,0.0,0.0,100.0,0.0,0,1,0
1,38,1,-1,1,1,1,,0,-1,1,25.0,0.0,0.0,0,0.0,100.0,14.286,0.0,40.0,25.0,0.0,1,0,0
1,39,1,-1,1,1,1,,0,-1,1,25.0,0.0,0.0,0,0.0,100.0,14.286,0.0,40.0,25.0,0.0,1,0,0
1,22,1,1,1,1,1,,0,-1,1,0.0,0.0,0.0,0,0.0,0.0,97.674,0.0,100.0,100.0,0.0,1,0,0
-1,88,1,1,1,1,2,,0,-1,1,100.0,0.0,0.0,0,0.0,100.0,98.485,100.0,100.0,100.0,0.0,1,0,0
1,53,-1,1,1,1,1,1.0,3287,1,1,100.0,0.0,0.0,0,0.0,0.0,0.0,0.0,0.0,100.0,0.0,0,1,0
-1,138,1,1,1,1,4,-1.0,4748,-1,1,50.0,0.0,0.0,0,0.0,0.0,95.312,100.0,100.0,100.0,0.0,1,1,0
1,83,1,1,1,1,7,-1.0,0,-1,1,0.0,0.0,0.0,0,0.0,0.0,0.0,0.0,0.0,0.0,0.0,0,1,0
1,82,-1,1,1,1,7,-1.0,0,-1,1,0.0,0.0,0.0,0,0.0,0.0,0.0,0.0,0.0,0.0,0.0,0,0,0
1,48,1,1,1,1,2,,0,-1,1,0.0,0.0,0.0,0,0.0,0.0,0.0,0.0,0.0,0.0,0.0,0,0,0
-1,26,-1,1,1,1,1,1.0,4018,-1,1,100.0,0.0,0.0,0,0.0,0.0,100.0,0.0,0.0,100.0,0.0,1,1,0
-1,36,-1,1,1,1,1,,731,-1,1,100.0,0.0,0.0,0,0.0,0.0,0.0,0.0,0.0,100.0,0.0,0,1,0
1,36,1,1,1,1,3,,365,-1,1,0.0,0.0,0.0,0,0.0,0.0,100.0,0.0,0.0,0.0,0.0,1,1,0
1,35,1,1,1,1,3,,365,-1,1,0.0,0.0,0.0,0,0.0,0.0,100.0,0.0,0.0,0.0,0.0,1,1,0
-1,127,-1,1,1,1,2,,11322,-1,1,100.0,0.0,0.0,0,0.0,0.0,0.0,0.0,0.0,0.0,0.0,-1,1,0
1,27,1,1,1,1,2,-1.0,5479,1,1,0.0,0.0,0.0,0,0.0,0.0,12.5,0.0,100.0,25.0,0.0,1,1,0
-1,55,-1,-1,1,-1,3,1.0,4018,-1,1,100.0,0.0,0.0,0,0.0,0.0,0.0,0.0,0.0,100.0,0.0,0,1,0
1,26,1,1,1,1,1,,365,-1,1,0.0,0.0,0.0,0,0.0,0.0,0.0,0.0,100.0,100.0,0.0,0,1,0
-1,60,1,1,1,1,3,,0,-1,1,0.0,0.0,0.0,0,0.0,100.0,86.667,100.0,100.0,87.5,0.0,1,0,0
-1,258,-1,1,1,1,3,1.0,8400,-1,1,0.0,0.0,0.0,0,0.0,0.0,0.0,0.0,0.0,0.0,0.0,0,1,0
1,28,-1,1,1,1,1,,0,1,1,0.0,0.0,0.0,0,0.0,0.0,3.113,0.0,12.5,61.111,0.0,1,0,0
1,42,-1,1,1,1,1,-1.0,7670,1,1,100.0,0.0,0.0,0,0.0,0.0,99.222,0.0,100.0,100.0,0.0,1,1,0
1,28,1,1,1,1,1,0.0,0,-1,1,0.0,0.0,0.0,0,0.0,0.0,100.0,0.0,0.0,0.0,0.0,1,0,0
-1,88,1,1,1,1,2,,0,-1,1,100.0,0.0,0.0,0,0.0,100.0,98.485,100.0,100.0,100.0,0.0,1,0,0
-1,57,1,1,1,1,1,,1826,-1,1,0.0,0.0,0.0,0,0.0,0.0,0.0,0.0,0.0,0.0,0.0,0,1,0
-1,56,1,1,1,1,1,,1826,-1,1,0.0,0.0,0.0,0,0.0,0.0,0.0,0.0,0.0,0.0,0.0,0,1,0
1,50,-1,1,1,1,1,1.0,3287,1,1,100.0,0.0,0.0,0,0.0,0.0,0.0,0.0,0.0,100.0,0.0,0,1,0
1,52,-1,1,1,1,1,1.0,3287,1,1,100.0,0.0,0.0,0,0.0,0.0,0.0,0.0,0.0,100.0,0.0,0,1,0
-1,138,1,1,1,1,4,-1.0,4748,-1,1,50.0,0.0,0.0,0,0.0,0.0,95.312,100.0,100.0,100.0,0.0,1,1,0
-1,137,1,1,1,1,4,-1.0,4748,-1,1,50.0,0.0,0.0,0,0.0,0.0,95.312,100.0,100.0,100.0,0.0,1,1,0
-1,137,1,1,1,1,4,-1.0,4748,-1,1,50.0,0.0,0.0,0,0.0,0.0,95.312,100.0,100.0,100.0,0.0,1,1,0
-1,137,1,1,1,1,4,-1.0,4748,-1,1,50.0,0.0,0.0,0,0.0,0.0,95.312,100.0,100.0,100.0,0.0,1,1,0
-1,137,1,1,1,1,4,-1.0,4748,-1,1,50.0,0.0,0.0,0,0.0,0.0,95.312,100.0,100.0,100.0,0.0,1,1,0
-1,137,1,1,1,1,4,-1.0,4748,-1,1,50.0,0.0,0.0,0,0.0,0.0,95.312,100.0,100.0,100.0,0.0,1,1,0
-1,137,1,1,1,1,4,-1.0,4748,-1,1,50.0,0.0,0.0,0,0.0,0.0,95.312,100.0,100.0,100.0,0.0,1,1,0
-1,137,1,1,1,1,4,-1.0,4748,-1,1,50.0,0.0,0.0,0,0.0,0.0,95.312,100.0,100.0,100.0,0.0,1,1,0
-1,138,1,1,1,1,4,-1.0,4748,-1,1,50.0,0.0,0.0,0,0.0,0.0,95.312,100.0,100.0,100.0,0.0,1,1,0
-1,96,1,1,1,1,3,-1.0,2922,-1,1,100.0,0.0,0.0,0,0.0,0.0,100.0,0.0,0.0,100.0,0.0,1,1,0
-1,96,1,1,1,1,3,-1.0,2922,-1,1,100.0,0.0,0.0,0,0.0,0.0,100.0,0.0,0.0,100.0,0.0,1,1,0
1,49,-1,1,1,1,1,1.0,2192,-1,1,0.0,0.0,0.0,0,0.0,0.0,0.0,0.0,0.0,100.0,0.0,-1,1,0
-1,179,-1,1,1,1,6,-1.0,4018,1,1,100.0,0.0,0.0,0,0.0,0.0,100.0,0.0,0.0,100.0,0.0,1,1,0
-1,64,1,1,1,1,2,-1.0,7670,-1,1,66.67,0.0,0.0,0,0.0,0.0,9.091,100.0,100.0,100.0,0.0,1,1,0
-1,64,1,1,1,1,2,-1.0,7670,-1,1,66.67,0.0,0.0,0,0.0,0.0,9.091,100.0,100.0,100.0,0.0,1,1,0
-1,64,1,1,1,1,2,-1.0,0,-1,1,66.67,0.0,0.0,0,0.0,0.0,9.091,100.0,100.0,100.0,0.0,1,1,0
-1,64,1,1,1,1,2,-1.0,7670,-1,1,66.67,0.0,0.0,0,0.0,0.0,9.091,100.0,100.0,100.0,0.0,1,1,0
-1,64,1,1,1,1,2,-1.0,7670,-1,1,66.67,0.0,0.0,0,0.0,0.0,9.091,100.0,100.0,100.0,0.0,1,1,0
1,20,-1,1,1,1,1,,731,1,1,100.0,0.0,0.0,0,0.0,0.0,0.0,0.0,0.0,0.0,0.0,0,1,0
1,34,1,1,1,1,1,0.0,0,-1,1,0.0,0.0,0.0,0,0.0,0.0,0.0,100.0,0.0,0.0,0.0,0,0,0
-1,65,1,1,1,1,2,-1.0,0,-1,1,0.0,0.0,0.0,0,0.0,0.0,0.0,0.0,0.0,0.0,0.0,0,0,0
1,75,-1,-1,1,1,1,-1.0,4748,-1,1,0.0,0.0,0.0,0,0.0,0.0,100.0,0.0,0.0,0.0,0.0,1,1,0
-1,80,-1,-1,1,-1,3,-1.0,365,1,1,0.0,0.0,0.0,0,0.0,0.0,0.0,0.0,0.0,100.0,0.0,0,1,0
-1,76,-1,-1,1,-1,3,-1.0,365,1,1,0.0,0.0,0.0,0,0.0,0.0,0.0,0.0,0.0,100.0,0.0,0,1,0
1,21,1,1,1,1,1,,365,-1,1,0.0,0.0,0.0,0,0.0,0.0,0.0,0.0,0.0,0.0,0.0,0,1,0
-1,153,1,1,1,1,4,-1.0,0,-1,-1,0.0,0.0,0.0,0,0.0,0.0,0.0,0.0,0.0,100.0,0.0,0,0,0
1,28,1,1,1,1,2,0.0,365,1,1,0.0,0.0,0.0,0,0.0,0.0,100.0,0.0,100.0,100.0,0.0,1,1,0
-1,48,1,1,1,1,2,1.0,3287,-1,1,0.0,0.0,0.0,0,0.0,0.0,0.0,0.0,0.0,0.0,0.0,0,1,0
-1,584,1,1,1,1,2,-1.0,365,1,1,0.0,0.0,0.0,0,0.0,0.0,100.0,0.0,0.0,100.0,0.0,1,1,0
-1,80,-1,1,1,1,5,0.0,0,-1,-1,100.0,0.0,0.0,0,0.0,100.0,88.889,0.0,100.0,100.0,0.0,1,1,0
-1,183,1,1,1,1,6,,0,1,1,100.0,0.0,0.0,0,0.0,0.0,0.0,0.0,100.0,100.0,0.0,0,0,0
1,29,-1,1,1,1,2,,365,-1,1,0.0,0.0,0.0,0,0.0,0.0,0.0,0.0,0.0,0.0,0.0,0,1,0
1,92,1,1,1,1,2,0.0,2192,-1,1,0.0,0.0,0.0,0,0.0,0.0,0.0,0.0,0.0,0.0,0.0,0,1,0
1,48,-1,1,1,1,1,0.0,0,-1,1,0.0,0.0,0.0,0,0.0,0.0,0.0,0.0,0.0,0.0,0.0,0,0,0
-1,74,1,1,1,1,1,0.0,365,-1,1,0.0,0.0,0.0,0,0.0,100.0,0.0,0.0,0.0,0.0,0.0,0,1,0
-1,79,1,1,1,1,3,-1.0,1460,-1,1,0.0,0.0,0.0,0,0.0,0.0,0.0,0.0,0.0,0.0,0.0,0,1,0
1,25,1,1,1,1,1,0.0,365,1,1,0.0,0.0,0.0,0,0.0,0.0,100.0,0.0,100.0,100.0,0.0,1,1,0
1,32,1,1,1,1,1,,365,-1,1,0.0,0.0,0.0,0,0.0,0.0,0.0,0.0,0.0,100.0,0.0,0,1,0
1,46,-1,1,1,1,3,,365,-1,1,0.0,0.0,0.0,0,0.0,0.0,0.0,0.0,0.0,0.0,0.0,0,1,0
1,47,-1,1,1,1,1,1.0,3287,1,1,100.0,0.0,0.0,0,0.0,0.0,0.0,0.0,0.0,100.0,0.0,0,1,0
1,49,-1,1,1,1,1,1.0,3287,1,1,100.0,0.0,0.0,0,0.0,0.0,0.0,0.0,0.0,100.0,0.0,0,1,0
-1,61,1,1,1,1,2,0.0,2922,1,1,100.0,0.0,0.0,0,0.0,0.0,100.0,0.0,0.0,100.0,0.0,1,1,0
-1,148,0,1,1,1,2,0.0,365,0,1,0.0,0.0,0.0,0,0.0,0.0,0.0,0.0,0.0,0.0,0.0,0,1,0
-1,96,1,1,1,1,3,-1.0,2922,-1,1,100.0,0.0,0.0,0,0.0,0.0,100.0,0.0,0.0,100.0,0.0,1,1,0
1,72,1,1,1,1,1,,0,-1,1,0.0,0.0,0.0,0,0.0,0.0,0.0,0.0,0.0,0.0,0.0,0,0,0
1,20,1,1,1,1,1,-1.0,365,-1,1,0.0,0.0,0.0,0,0.0,0.0,100.0,0.0,0.0,0.0,0.0,1,1,0
1,32,-1,1,1,1,3,,365,-1,1,0.0,0.0,0.0,0,0.0,0.0,0.0,0.0,0.0,0.0,0.0,0,1,0
1,74,-1,1,1,1,4,,0,1,1,0.0,0.0,0.0,0,0.0,0.0,30.732,100.0,0.0,100.0,0.0,1,0,0
1,23,-1,1,1,1,1,-1.0,0,1,1,100.0,0.0,0.0,0,0.0,0.0,100.0,0.0,100.0,100.0,0.0,1,0,0
1,24,1,1,1,1,1,-1.0,0,1,1,100.0,0.0,0.0,0,0.0,0.0,100.0,0.0,100.0,100.0,0.0,1,0,0
1,46,-1,1,1,1,1,1.0,3287,1,1,0.0,0.0,0.0,0,0.0,0.0,100.0,0.0,0.0,100.0,0.0,1,1,0
-1,82,1,1,1,1,2,-1.0,1096,-1,1,0.0,0.0,0.0,0,0.0,0.0,0.0,0.0,0.0,0.0,0.0,0,1,0
-1,96,1,1,1,1,3,-1.0,2922,-1,1,100.0,0.0,0.0,0,0.0,0.0,100.0,0.0,0.0,100.0,0.0,1,1,0
-1,96,1,1,1,1,3,-1.0,2922,-1,1,100.0,0.0,0.0,0,0.0,0.0,100.0,0.0,0.0,100.0,0.0,1,1,0
-1,96,1,1,1,1,3,-1.0,2922,-1,1,100.0,0.0,0.0,0,0.0,0.0,100.0,0.0,0.0,100.0,0.0,1,1,0
-1,64,1,1,1,1,2,-1.0,7670,-1,1,66.67,0.0,0.0,0,0.0,0.0,9.091,100.0,100.0,100.0,0.0,1,1,0
-1,64,1,1,1,1,2,-1.0,7670,-1,1,66.67,0.0,0.0,0,0.0,0.0,9.091,100.0,100.0,100.0,0.0,1,1,0
-1,142,1,1,1,1,1,0.0,0,-1,1,0.0,0.0,0.0,0,0.0,100.0,0.0,0.0,0.0,0.0,0.0,0,0,0
-1,99,1,1,1,1,2,,11322,-1,1,100.0,0.0,0.0,0,0.0,0.0,300.0,100.0,100.0,100.0,0.0,1,1,0
-1,33,1,1,1,1,2,,1096,-1,1,0.0,0.0,0.0,0,0.0,0.0,0.0,0.0,0.0,0.0,0.0,0,1,0
-1,53,1,1,1,1,3,-1.0,1826,1,1,0.0,0.0,0.0,0,0.0,0.0,0.0,0.0,100.0,100.0,0.0,0,1,0
1,29,0,1,1,1,1,0.0,0,0,1,0.0,0.0,0.0,0,0.0,0.0,0.0,0.0,0.0,0.0,0.0,0,0,0
1,105,1,1,1,1,1,-1.0,365,-1,1,0.0,0.0,0.0,0,0.0,0.0,0.0,0.0,0.0,0.0,0.0,0,1,0
1,113,1,1,1,1,1,-1.0,365,-1,1,0.0,0.0,0.0,0,0.0,0.0,0.0,0.0,0.0,0.0,0.0,0,1,0
-1,88,1,1,1,1,2,,0,-1,1,100.0,0.0,0.0,0,0.0,100.0,98.485,100.0,100.0,100.0,0.0,1,0,0
1,46,1,1,1,1,2,,0,-1,1,0.0,0.0,0.0,0,0.0,0.0,0.0,0.0,100.0,100.0,0.0,0,0,0
1,38,-1,1,1,1,2,,365,-1,1,0.0,0.0,0.0,0,0.0,0.0,0.0,0.0,0.0,0.0,0.0,0,1,0
1,28,-1,1,1,1,2,,365,-1,1,0.0,0.0,0.0,0,0.0,0.0,0.0,0.0,0.0,0.0,0.0,0,1,0
1,54,1,1,1,1,4,-1.0,1826,-1,1,0.0,0.0,0.0,0,0.0,0.0,0.0,0.0,0.0,0.0,0.0,0,1,0
-1,467,1,1,1,1,2,-1.0,365,1,1,0.0,0.0,0.0,0,0.0,0.0,100.0,0.0,0.0,100.0,0.0,1,1,0
1,43,-1,1,1,1,3,,365,-1,1,0.0,0.0,0.0,0,0.0,0.0,0.0,0.0,0.0,0.0,0.0,0,1,0
1,43,-1,1,1,1,1,1.0,3287,1,1,100.0,0.0,0.0,0,0.0,0.0,0.0,0.0,0.0,100.0,0.0,0,1,0
1,44,1,1,1,1,1,1.0,3287,1,1,100.0,0.0,0.0,0,0.0,0.0,0.0,0.0,0.0,100.0,0.0,0,1,0
1,55,1,1,1,1,2,,0,-1,1,0.0,0.0,0.0,0,0.0,0.0,0.0,0.0,100.0,100.0,0.0,0,0,0
1,70,1,1,1,1,2,-1.0,0,-1,1,100.0,0.0,0.0,0,0.0,0.0,96.517,0.0,100.0,100.0,0.0,1,0,0
1,69,-1,1,1,1,2,-1.0,0,-1,1,100.0,0.0,0.0,0,0.0,0.0,96.517,0.0,100.0,100.0,0.0,1,0,0
-1,64,1,1,1,1,2,-1.0,7670,-1,1,66.67,0.0,0.0,0,0.0,0.0,9.091,100.0,100.0,100.0,0.0,1,1,0
1,31,-1,1,1,1,1,-1.0,0,1,1,100.0,0.0,0.0,0,0.0,0.0,100.0,0.0,100.0,100.0,0.0,1,1,0
1,32,1,1,1,1,1,-1.0,4748,1,1,100.0,0.0,0.0,0,0.0,0.0,100.0,0.0,100.0,100.0,0.0,1,1,0
-1,267,1,1,1,1,7,,2192,1,1,100.0,0.0,0.0,0,0.0,0.0,100.0,0.0,0.0,100.0,0.0,1,1,0
-1,262,1,1,1,1,6,,2192,1,1,100.0,0.0,0.0,0,0.0,0.0,100.0,0.0,0.0,100.0,0.0,1,1,0
-1,31,1,1,1,1,1,,0,-1,1,0.0,0.0,0.0,0,0.0,0.0,0.0,100.0,0.0,0.0,0.0,0,0,0
1,39,1,1,1,1,2,,0,-1,1,0.0,0.0,0.0,0,0.0,0.0,0.0,0.0,100.0,0.0,0.0,0,0,0
1,36,1,1,1,1,2,-1.0,365,-1,1,0.0,0.0,0.0,0,0.0,0.0,0.0,0.0,0.0,0.0,0.0,0,1,0
-1,109,1,1,1,1,3,1.0,8400,-1,1,0.0,0.0,0.0,0,0.0,0.0,0.0,0.0,0.0,0.0,0.0,0,1,0
-1,101,1,1,1,1,3,1.0,8400,-1,1,0.0,0.0,0.0,0,0.0,0.0,0.0,0.0,0.0,0.0,0.0,0,1,0
-1,88,1,1,1,1,2,,0,-1,1,100.0,0.0,0.0,0,0.0,100.0,98.485,100.0,100.0,100.0,0.0,1,0,0
1,33,1,1,1,1,1,,365,-1,1,0.0,0.0,0.0,0,0.0,0.0,0.0,0.0,100.0,100.0,0.0,0,1,0
1,42,1,1,1,1,1,,365,-1,1,0.0,0.0,0.0,0,0.0,0.0,0.0,0.0,100.0,100.0,0.0,0,1,0
1,43,1,1,1,1,2,-1.0,2192,-1,1,0.0,0.0,0.0,0,0.0,0.0,0.0,0.0,0.0,0.0,0.0,0,1,0
1,42,1,1,1,1,2,-1.0,2192,-1,1,0.0,0.0,0.0,0,0.0,0.0,0.0,0.0,0.0,0.0,0.0,0,1,0
1,32,-1,1,1,1,1,,0,-1,1,0.0,0.0,0.0,0,0.0,0.0,0.0,0.0,0.0,100.0,0.0,-1,0,0
-1,143,0,1,1,1,2,0.0,365,0,1,0.0,0.0,0.0,0,0.0,0.0,0.0,0.0,0.0,0.0,0.0,0,1,0
-1,56,1,1,1,1,2,0.0,2922,1,1,100.0,0.0,0.0,0,0.0,0.0,100.0,0.0,0.0,100.0,0.0,1,1,0
-1,96,1,1,1,1,3,-1.0,2922,-1,1,100.0,0.0,0.0,0,0.0,0.0,100.0,0.0,0.0,100.0,0.0,1,1,0
-1,96,1,1,1,1,3,-1.0,2922,-1,1,100.0,0.0,0.0,0,0.0,0.0,100.0,0.0,0.0,100.0,0.0,1,1,0
-1,96,1,1,1,1,3,-1.0,2922,-1,1,100.0,0.0,0.0,0,0.0,0.0,100.0,0.0,0.0,100.0,0.0,1,1,0
1,88,1,-1,1,1,1,0.0,1096,1,1,0.0,0.0,0.0,0,0.0,0.0,100.0,0.0,100.0,100.0,0.0,1,1,0
-1,46,1,1,1,1,1,,0,1,1,100.0,0.0,0.0,0,0.0,0.0,0.0,0.0,0.0,100.0,0.0,0,0,0
-1,45,-1,1,1,1,1,,0,1,1,100.0,0.0,0.0,0,0.0,0.0,0.0,0.0,0.0,100.0,0.0,0,0,0
-1,105,1,1,1,1,3,1.0,8400,-1,1,0.0,0.0,0.0,0,0.0,0.0,0.0,0.0,0.0,0.0,0.0,0,1,0
-1,62,-1,1,1,1,4,0.0,0,-1,1,0.0,0.0,0.0,0,0.0,0.0,175.0,0.0,0.0,0.0,0.0,1,-1,0
1,33,-1,1,1,1,2,,365,-1,1,0.0,0.0,0.0,0,0.0,0.0,0.0,0.0,0.0,100.0,0.0,-1,1,0
1,76,1,1,1,1,1,1.0,2922,1,1,50.0,0.0,0.0,0,0.0,0.0,9.639,23.077,11.538,25.0,0.0,1,1,0
1,19,1,1,1,1,1,0.0,5844,-1,1,0.0,0.0,0.0,0,0.0,0.0,0.0,0.0,0.0,0.0,0.0,0,1,0
1,31,1,1,1,1,1,0.0,0,-1,1,100.0,0.0,0.0,0,0.0,0.0,80.0,0.0,100.0,100.0,0.0,1,0,0
1,46,1,1,1,1,3,1.0,4018,-1,1,100.0,0.0,0.0,0,0.0,0.0,50.0,100.0,100.0,100.0,0.0,1,1,0
1,45,-1,1,1,1,3,1.0,4018,-1,1,100.0,0.0,0.0,0,0.0,0.0,50.0,100.0,100.0,100.0,0.0,1,1,0
1,40,1,1,1,1,1,0.0,365,1,1,0.0,0.0,0.0,0,0.0,0.0,100.0,0.0,100.0,100.0,0.0,1,1,0
-1,50,1,1,1,1,3,-1.0,4748,1,1,100.0,0.0,0.0,0,0.0,0.0,100.0,100.0,0.0,100.0,0.0,1,1,0
1,41,1,1,1,1,3,,7936,-1,1,0.0,0.0,0.0,0,0.0,0.0,100.0,0.0,100.0,100.0,0.0,1,1,0
1,35,1,1,1,1,2,,2557,-1,1,0.0,0.0,0.0,0,0.0,0.0,0.0,100.0,100.0,100.0,0.0,0,1,0
-1,38,1,1,1,1,2,,2557,-1,1,0.0,0.0,0.0,0,0.0,0.0,0.0,100.0,100.0,100.0,0.0,0,1,0
1,35,1,1,1,1,2,,0,-1,1,0.0,0.0,0.0,0,0.0,0.0,0.0,0.0,0.0,0.0,0.0,0,1,0
1,71,1,1,1,1,2,0.0,4018,-1,1,0.0,0.0,0.0,0,0.0,100.0,100.0,0.0,100.0,100.0,0.0,1,1,0
-1,467,1,1,1,1,2,-1.0,365,1,1,0.0,0.0,0.0,0,0.0,0.0,100.0,0.0,0.0,100.0,0.0,1,1,0
-1,469,1,1,1,1,2,-1.0,365,1,1,0.0,0.0,0.0,0,0.0,0.0,100.0,0.0,0.0,100.0,0.0,1,1,0
1,44,1,1,1,1,2,-1.0,0,-1,1,100.0,0.0,0.0,0,0.0,0.0,100.0,0.0,100.0,100.0,0.0,1,0,0
1,43,-1,1,1,1,2,-1.0,0,-1,1,100.0,0.0,0.0,0,0.0,0.0,100.0,0.0,100.0,100.0,0.0,1,0,0
1,48,0,1,1,1,1,0.0,365,0,1,0.0,0.0,0.0,0,0.0,0.0,0.0,0.0,0.0,0.0,0.0,0,1,0
-1,36,-1,1,1,1,1,,731,-1,1,100.0,0.0,0.0,0,0.0,0.0,0.0,0.0,0.0,100.0,0.0,0,1,0
-1,36,-1,1,1,1,1,,731,-1,1,100.0,0.0,0.0,0,0.0,0.0,0.0,0.0,0.0,100.0,0.0,0,1,0
-1,20,0,1,1,1,1,,8065,0,1,0.0,0.0,0.0,0,0.0,0.0,0.0,0.0,0.0,0.0,0.0,0,1,0
-1,107,1,1,1,1,2,1.0,3653,-1,1,0.0,0.0,0.0,0,0.0,0.0,0.0,0.0,0.0,0.0,0.0,0,1,0
-1,70,1,1,1,1,3,,3652,-1,1,0.0,0.0,0.0,0,0.0,0.0,100.0,0.0,0.0,0.0,0.0,1,1,0
